"_id","userId","url","confirmed","created","vehicleId","VIN","notes","year","make","model","class","email","fname","lname","name","agreement_date","user_created","phone_0","phone_0_area","phone_0_prefix","phone_0_suffix","address_state","address_street","address_city","address_zip","address_country","phone_1","phone_1_area","phone_1_prefix","phone_1_suffix"
"5c7385fcd4b2be35381874a7","782081655","",1,1551074812196,"5c7385fbd4b2be3538187473","3LN6L2GK5DR800993","0 - VIN decoded clean. Check Digit (9th position) is correct",2013,"LINCOLN","MKZ","Sedan/Saloon","bwclifton7483@gmail.com","Brandon","Clifton","Brandon Clifton","02/24/2019 10:04pm","02/24/2019 10:01pm","3257160545","325","716","0545","CA","Suite E, 2777 Alvarado Street","San Leandro","94577","United States of America",,,,
"5c81e4b7f6cb3828c2b7be7f","806705657","",1,1552016567462,"5c81e4b6f6cb3828c2b7be61","3LN6L2LU2DR819847","0 - VIN decoded clean. Check Digit (9th position) is correct",2013,"LINCOLN","MKZ","Sedan/Saloon","hwcurtice@gmail.com","Harold","Curtice","Harold Curtice","03/07/2019 07:33pm","03/07/2019 07:31pm","4254452348","425","445","2348","CA","Suite E, 2777 Alvarado Street","San Leandro","94577","United States of America","4252746600","425","274","6600"
"5ca1127611ef98cd4012e36e","869323721","",1,1554059894280,"5ca1127511ef98cd4012e364","3LN6L2G95DR803289","0 - VIN decoded clean. Check Digit (9th position) is correct",2013,"LINCOLN","MKZ","Sedan/Saloon","jgolojch@gmail.com","Joseph","Golojch","Joseph Golojch","03/31/2019 12:15pm","03/31/2019 12:10pm","2605732868","260","573","2868","IN","106 Depot St","Auburn","46706","United States of America",,,,
"5c9734baf473685add7564bd","849799801","",1,1553413306215,"5c9734b8f473685add756496","3LN6L2LU2DR812199","0 - VIN decoded clean. Check Digit (9th position) is correct",2013,"LINCOLN","MKZ","Sedan/Saloon","j52989@yahoo.com","Jeremy","Mark","Jeremy Mark","03/24/2019 00:38am","03/24/2019 00:36am","9717771908","971","777","1908","OR","10588 NE Cedar Falls Loop","Aloha","97006","United States of America","9717771907","971","777","1907"
"5cd5a3a15afbd5ee7aa3ea8e","045284013","",1,1557504929946,"5cd5a3a05afbd5ee7aa3ea6d","3LN6L2LU4DR829053","0 - VIN decoded clean. Check Digit (9th position) is correct",2013,"LINCOLN","MKZ","Sedan/Saloon","artmod47@gmail.com","Arthur","Modgling","Arthur Modgling","10/05/2018 01:32pm","07/16/2019 07:58pm","4153732386","415","373","2386","CA","Suite E, 2777 Alvarado Street","San Leandro","94577","United States of America",,,,