"_id","userId","url","confirmed","created","vehicleId","VIN","notes","year","make","model","class","email","fname","lname","name","agreement_date","user_created","phone_0","phone_0_area","phone_0_prefix","phone_0_suffix","address_state","address_street","address_city","address_zip","address_country"
"5c64a29ac30072f50d8cf61a","756974436","",1,1550099098908,"5c64a299c30072f50d8cf610","1FTKR1ED7APA41279","0 - VIN decoded clean. Check Digit (9th position) is correct",2010,"FORD","Ranger","Pickup","jenniferhelmick0421@gmail.com","Jennifer","Helmick","Jennifer Helmick","02/13/2019 02:59pm","02/13/2019 02:58pm","4153732386","415","373","2386","CA","Suite E, 2777 Alvarado Street","San Leandro","94577","United States of America"
"5c92383748355a95467de7d4","837812208","",1,1553086519827,"5c92383648355a95467de7a0","1FTKR1AD3APA68551","0 - VIN decoded clean. Check Digit (9th position) is correct",2010,"FORD","Ranger","Pickup","benford13@gmail.com","Benjamin","Severance","Benjamin Severance","03/20/2019 05:50am","03/20/2019 05:50am","4153732386","415","373","2386","DE","1321 Shallcross Ave.","Wilmington","19806","United States of America"
"5cd5a0d99e7976530a55435d","839708921","",1,1557504217014,"5cd5a0d79e7976530a55431d","1FTKR1ED2APA77431","0 - VIN decoded clean. Check Digit (9th position) is correct",2010,"FORD","Ranger","Pickup","erexleo@aol.com","Edward","Schneider","Edward Schneider","03/20/2019 06:23pm","03/20/2019 06:23pm","4153732386","415","373","2386","VA","12 upland CT","Stuarts draft","24477","United States of America"
"5cbb1a558bfd13bd0b52b2dc","925624145","",1,1555765845853,"5cbb1a558bfd13bd0b52b2bd","1FTKR4EE0APA11230","0 - VIN decoded clean. Check Digit (9th position) is correct",2010,"FORD","Ranger","Pickup","yorgosware@gmail.com","Yorgos","Ware","Yorgos Ware","04/20/2019 05:50am","04/20/2019 05:49am","4153732386","415","373","2386","MS","132 Forest Haven Loop ","Agricola","39452","United States of America"
"5cd618e28cb02f8411421133","877325224","",1,1557534946626,"5cd618e18cb02f8411421114","1FTLR4FE3APA48727","0 - VIN decoded clean. Check Digit (9th position) is correct",2010,"FORD","Ranger","Pickup","bigfoot18603@yahoo.com","lee","beishline","lee beishline","04/02/2019 06:48pm","04/02/2019 06:47pm","5707598551","570","759","8551","PA","611 Freas Ave","Berwick","18603","United States of America"