"_id","userId","url","confirmed","created","vehicleId","VIN","notes","year","make","model","class","email","fname","lname","name","agreement_date","user_created","phone_0","phone_0_area","phone_0_prefix","phone_0_suffix","address_state","address_street","address_city","address_zip","address_country","vinImage_0_id","vinImage_0_url","vinImage_0_status","phone_1","phone_1_area","phone_1_prefix","phone_1_suffix"
"5c7bfdd90f152fb857681626","481080894","",0,1551629785304,"5c7bfdd80f152fb857681616","1FTYR10D98PA26438","0 - VIN decoded clean. Check Digit (9th position) is correct",2008,"FORD","Ranger","Pickup","jjmsfarm@gmail.com","James","Thorpe","James Thorpe","10/19/2018 12:34pm","07/16/2019 07:58pm","4153732386","415","373","2386","CA","Suite E, 2777 Alvarado Street","San Leandro","94577","United States of America","5c7a90a60f152fb8574fe0e0","https://storage.googleapis.com/media.helloumi.com/customers/4810808/0.jpg",1,,,,
"5c72d649769e8fd4cea24dfe","781071438","",1,1551029833933,"5c72d649769e8fd4cea24dfa","1FTYR10D48PA11183","0 - VIN decoded clean. Check Digit (9th position) is correct",2008,"FORD","Ranger","Pickup","sgkenyon@hotmail.com","Steven","Kenyon","Steven Kenyon","02/24/2019 09:28am","02/24/2019 09:27am","3154923926","315","492","3926","CA","Suite E, 2777 Alvarado Street","San Leandro","94577","United States of America",,,,"3154804952","315","480","4952"
"5cbdcc351602a08bc1ff303a","535474256","",1,1555942453578,"5cbdcc341602a08bc1ff3025","1FTYR10D88PA84525","0 - VIN decoded clean. Check Digit (9th position) is correct",2008,"FORD","Ranger","Pickup","robert.minick@gmail.com","Robert","Minick Jr","Robert Minick Jr","04/22/2019 07:09am","07/16/2019 07:58pm","6152072969","615","207","2969","OH","736 Charlton Court   # 3","Rossville","45013","United States of America",,,,"5137950908","513","795","0908"
"5c92563448355a95468587ab","838142735","",1,1553094196565,"5c92563248355a9546858766","1FTZR45E68PA59596","0 - VIN decoded clean. Check Digit (9th position) is correct",2008,"FORD","Ranger","Pickup","jreid35313@msn.com","James","Reid","James Reid","03/20/2019 07:43am","03/20/2019 07:42am","4153732386","415","373","2386","IL","522-16th ave","Silvis","61282","United States of America",,,,,,,
"5cd6c53271063d888bdf9bdc","914877709","",1,1557579058209,"5cd6c53171063d888bdf9bc2","1FTYR10U18PA80493","0 - VIN decoded clean. Check Digit (9th position) is correct",2008,"FORD","Ranger","Pickup","dawnbachelder@yahoo.com","Dawn","Bachelder","Dawn Bachelder","04/16/2019 10:44am","04/16/2019 10:40am","8453212237","845","321","2237","NC","123 Louie Lane","Jacksonville","28540","United States of America",,,,"9103474422","910","347","4422"
"5cdc31568435940c85cb01d7","841555525","",1,1557934422453,"5cdc31558435940c85cb0186","1FTYR44U38PA40699","0 - VIN decoded clean. Check Digit (9th position) is correct",2008,"FORD","Ranger","Pickup","sissonmail@aol.com","Theresa","Sisson","Theresa Sisson","03/21/2019 09:30am","03/21/2019 09:28am","8708262713","870","826","2713","AR","4215 Hwy 29 N","Perrytown","71801","United States of America",,,,,,,