"_id","userId","url","confirmed","created","vehicleId","VIN","notes","year","make","model","class","email","fname","lname","name","agreement_date","user_created","phone_0","phone_0_area","phone_0_prefix","phone_0_suffix","phone_1","phone_1_area","phone_1_prefix","phone_1_suffix","address_state","address_street","address_city","address_zip","address_country"
"5c637156b1bc33753051d713","374153115","",0,1550020950660,"5c637155b1bc33753051d6fd","1FTYR44U85PB11312","0 - VIN decoded clean. Check Digit (9th position) is correct",2005,"FORD","Ranger","Pickup","bulldoggirl59@msn.com","Julie","Mooney-Meyer","Julie Mooney-Meyer","08/19/2018 08:56am","07/16/2019 07:58pm","5633205449","563","320","5449","5633595855","563","359","5855","IA","1620 Alcoa Avenue","Bettendorf","52722","United States of America"
"5c7d054ef18224f267409d9e","797784319","",1,1551697230990,"5c7d054bf18224f267409c6e","1FTYR10U25PA67022","0 - VIN decoded clean. Check Digit (9th position) is correct",2005,"FORD","Ranger","Pickup","daryl.lady@gmail.com","Daryl","Lady","Daryl Lady","03/04/2019 02:49am","03/04/2019 02:48am","4153732386","415","373","2386",,,,,"CA","Suite E, 2777 Alvarado Street","San Leandro","94577","United States of America"
"5c83b6bcc30fc4c9eec6b069","809379844","",1,1552135868395,"5c83b6bbc30fc4c9eec6b037","1FTZR15E05PA79305","0 - VIN decoded clean. Check Digit (9th position) is correct",2005,"FORD","Ranger","Pickup","cj7carnes@yahoo.com","Christian","Carnes","Christian Carnes","03/09/2019 04:42am","03/09/2019 04:40am","3048220543","304","822","0543",,,,,"CA","Suite E, 2777 Alvarado Street","San Leandro","94577","United States of America"
"5c7e8fd5a534228e88e8852d","800474722","",1,1551798229742,"5c7e8fd4a534228e88e884ce","1FTYR10D75PA07687","0 - VIN decoded clean. Check Digit (9th position) is correct",2005,"FORD","Ranger","Pickup","debbie33025@gmail.com","Debbie","Parlette","Debbie Parlette","03/05/2019 06:56am","03/05/2019 06:55am","4153732386","415","373","2386",,,,,"CA","Suite E, 2777 Alvarado Street","San Leandro","94577","United States of America"
"5c92f47ab3711c30f474ef1a","839807451","",1,1553134714508,"5c92f479b3711c30f474eeff","1FTYR14U15PA37603","0 - VIN decoded clean. Check Digit (9th position) is correct",2005,"FORD","Ranger","Pickup","tonypapaleo.223@gmail.com","Anthony","Papaleo","Anthony Papaleo","03/20/2019 07:14pm","03/20/2019 07:12pm","3129317234","312","931","7234",,,,,"IL","716 Piper Lane, Apt. 1B","Prospect heights","60070","United States of America"
"5c968bf6f473685add63ab90","848783442","",1,1553370102095,"5c968bf4f473685add63ab73","1FTYR10U85PA11392","0 - VIN decoded clean. Check Digit (9th position) is correct",2005,"FORD","Ranger","Pickup","farrbonnie88@gmail.com","Bonnie","Farr","Bonnie Farr","03/23/2019 11:32am","03/23/2019 11:31am","7042180265","704","218","0265",,,,,"NC","210 Griffith Road Monroe, NC 28110","Monroe","28112","United States of America"
"5c93e79249b1fb7942311000","842045927","",1,1553196946888,"5c93e79149b1fb7942310fb4","1FTYR14U55PA50063","0 - VIN decoded clean. Check Digit (9th position) is correct",2005,"FORD","Ranger","Pickup","marty.johnston@gmail.com","Martin","Johnston","Martin Johnston","03/21/2019 12:29pm","03/21/2019 12:27pm","5207800496","520","780","0496",,,,,"AZ","4158 E Waverly St","Tucson","85712","United States of America"
"5cd2bb119962e4b75399522a","494485655","",1,1557314321904,"5cd2bb109962e4b7539951f2","1FTZR45E75PA65659","0 - VIN decoded clean. Check Digit (9th position) is correct",2005,"FORD","Ranger","Pickup","flatorella2000@yahoo.com","Frederick","LaTorella","Frederick LaTorella","05/07/2019 06:32pm","07/16/2019 07:58pm","4153732386","415","373","2386",,,,,"CA","Suite E, 2777 Alvarado Street","San Leandro","94577","United States of America"
"5cbb61daf6cd07549782678a","926306549","",1,1555784154825,"5cbb61daf6cd075497826776","1FTZR15E85PA98927","0 - VIN decoded clean. Check Digit (9th position) is correct",2005,"FORD","Ranger","Pickup","anthonyoneill@usa.com","Anthony","Oneill","Anthony Oneill","04/20/2019 10:54am","04/20/2019 10:53am","5103671136","510","367","1136","7077767533","707","776","7533","WA","4817 n Monroe St","Spokane","99205","United States of America"