"_id","userId","url","confirmed","created","vehicleId","VIN","notes","year","make","model","class","email","fname","lname","name","agreement_date","user_created","phone_0","phone_0_area","phone_0_prefix","phone_0_suffix","address_state","address_street","address_city","address_zip","address_country","phone_1","phone_1_area","phone_1_prefix","phone_1_suffix","phone_2","phone_2_area","phone_2_prefix","phone_2_suffix"
"5c637752df5312224c6806b5","468063223","",1,1550022482778,"5c637751df5312224c6806a7","1FA6P8AM9H5322811","0 - VIN decoded clean. Check Digit (9th position) is correct",2017,"FORD","Mustang","Coupe","wagner.shaun@yahoo.com","Shaun","Wagner","Shaun Wagner","10/13/2018 08:37pm","07/16/2019 07:58pm","6824720812","682","472","0812","CA","Suite E, 2777 Alvarado Street","San Leandro","94577","United States of America",,,,,,,,
"5c88401da563a98047527e37","818403806","",1,1552433181036,"5c88401ca563a98047527e2a","1FATP8UH7H5204007","1 - Check Digit (9th position) does not calculate properly",2017,"FORD","Mustang","Cabriolet/Convertible","omario1211@gmail.com","Mario","Ortiz","Mario Ortiz","03/12/2019 04:09pm","03/12/2019 04:08pm","8004838314","800","483","8314","CA","Suite E, 2777 Alvarado Street","San Leandro","94577","United States of America",,,,,,,,
"5ca13c27e45fda286b4b364f","869621000","",1,1554070567685,"5ca13c26e45fda286b4b363e","1FATP8UH4H5254628","0 - VIN decoded clean. Check Digit (9th position) is correct",2017,"FORD","Mustang","Cabriolet/Convertible","flcareercoach@gmail.com","Andrea","Cianek","Andrea Cianek","03/31/2019 03:05pm","03/31/2019 03:04pm","5617620722","561","762","0722","FL","7847 se windjammer way","Hobe sound","33455","United States of America","5614011290","561","401","1290","2484677617","248","467","7617"
"5c8a48db66e8411fb204ffba","822635340","",1,1552566491389,"5c8a48da66e8411fb204ffa1","1FA6P8THXH5255667","0 - VIN decoded clean. Check Digit (9th position) is correct",2017,"FORD","Mustang","Coupe","connieca@outlook.com","Cornelia","Arroyo","Cornelia Arroyo","03/14/2019 05:05am","03/14/2019 05:04am","3606283724","360","628","3724","CA","Suite E, 2777 Alvarado Street","San Leandro","94577","United States of America",,,,,,,,
"5cb8ad4bcf0767435f307071","920974509","",1,1555606859485,"5cb8ad4acf0767435f30705d","1FA6P8TH1H5302584","0 - VIN decoded clean. Check Digit (9th position) is correct",2017,"FORD","Mustang","Coupe","davidkulwicki@gmail.com","David","Kulwicki","David Kulwicki","04/18/2019 09:53am","04/18/2019 09:52am","5054015845","505","401","5845","NM","605 Santa Fe Meadows Dr NE","Rio Rancho","87144","United States of America",,,,,,,,
"5cd5c5f79e7976530a5bdc11","862369436","",1,1557513719430,"5cd5c5f59e7976530a5bdbe1","1FA6P8THXH5256382","0 - VIN decoded clean. Check Digit (9th position) is correct",2017,"FORD","Mustang","Coupe","ncmarine_13@yahoo.com","James","Hartsock","James Hartsock","03/28/2019 12:20pm","03/28/2019 12:19pm","3307929513","330","792","9513","OH","4190 Tippecanoe Road","Youngstown","44511","United States of America","3308816565","330","881","6565",,,,
"5cd18f50316e120af481f25a","609270053","",1,1557237584426,"5cd18f4f316e120af481f22f","1FATP8UH0H5218659","0 - VIN decoded clean. Check Digit (9th position) is correct",2017,"FORD","Mustang","Cabriolet/Convertible","jlucero90025@yahoo.com","Jason","Lucero","Jason Lucero","12/10/2018 09:48am","07/16/2019 07:58pm","3107176104","310","717","6104","CA","12222 Wilshire Blvd., #204","Los angeles","90025","United States of America",,,,,,,,