"_id","userId","url","confirmed","created","vehicleId","VIN","notes","year","make","model","class","email","fname","lname","name","agreement_date","user_created","phone_0","phone_0_area","phone_0_prefix","phone_0_suffix","phone_1","phone_1_area","phone_1_prefix","phone_1_suffix","phone_2","phone_2_area","phone_2_prefix","phone_2_suffix","address_state","address_street","address_city","address_zip","address_country"
"5c61fac05e3a910718874643","750470245","",1,1549925056826,"5c61fabf5e3a91071887462d","1FTZR45E06PA01870","0 - VIN decoded clean. Check Digit (9th position) is correct",2006,"FORD","Ranger","Pickup","spiff469@aol.com","Dene","Flack","Dene Flack","02/11/2019 02:32pm","02/11/2019 02:30pm","4104565830","410","456","5830","4436437473","443","643","7473","4107346904","410","734","6904","MD","3127 Nova Scotia rd","Bel air","21015","United States of America"
"5c7dd851ffa2f5495a281d94","799241630","",1,1551751249518,"5c7dd850ffa2f5495a281cef","1FTYR10D26PA51128","0 - VIN decoded clean. Check Digit (9th position) is correct",2006,"FORD","Ranger","Pickup","katjane1973@gmail.com","Katherine J Johnson","My name is Katherine Jane Johnson","Katherine J Johnson My name is Katherine Jane Johnson","03/04/2019 05:42pm","03/04/2019 04:37pm","6627840385","662","784","0385",,,,,,,,,"CA","Suite E, 2777 Alvarado Street","San Leandro","94577","United States of America"
"5cb75d4fd2c455121e12b30b","917928339","",1,1555520847404,"5cb75d4ed2c455121e12b2ef","1FTYR14U46PA58902","0 - VIN decoded clean. Check Digit (9th position) is correct",2006,"FORD","Ranger","Pickup","strange1sc12@yahoo.com","Grace","Ragan","Grace Ragan","04/17/2019 10:03am","04/17/2019 10:02am","4153732386","415","373","2386",,,,,,,,,"TX","1524 County Road 2099","Ames","77575","United States of America"
"5c980776f473685add882c67","851367344","",1,1553467254900,"5c980775f473685add882c60","1FTYR14U76PA08267","0 - VIN decoded clean. Check Digit (9th position) is correct",2006,"FORD","Ranger","Pickup","acw3556@gmail.com","Andrew","Wilson","Andrew Wilson","03/24/2019 03:38pm","03/24/2019 03:35pm","4153732386","415","373","2386",,,,,,,,,"UT","629 n 400 east","Kaysville","84037","United States of America"
"5cb8a555d2c455121e55cdbe","920342408","",1,1555604821218,"5cb8a554d2c455121e55cdb2","1FTYR44U46PA68217","0 - VIN decoded clean. Check Digit (9th position) is correct",2006,"FORD","Ranger","Pickup","grammygumdrop@gmail.com","Melanie","Martin","Melanie Martin","04/18/2019 06:00am","04/18/2019 06:00am","8103954664","810","395","4664","5868646041","586","864","6041",,,,,"MI","15422 Helen Dr","Berlin","48002","United States of America"
"5cd6b1ea71063d888bdc5d43","500209785","",1,1557574122670,"5cd6b1e771063d888bdc5cd1","1FTZR44E66PA50539","0 - VIN decoded clean. Check Digit (9th position) is correct",2006,"FORD","Ranger","Pickup","parleywheeler2@gmail.com","Parley","Wheeler","Parley Wheeler","10/28/2018 04:17am","07/16/2019 07:58pm","4153732386","415","373","2386",,,,,,,,,"CA","Suite E, 2777 Alvarado Street","San Leandro","94577","United States of America"
"5cb9e558f6cd07549755ca57","923410039","",1,1555686744593,"5cb9e557f6cd07549755ca2d","1FTYR14D46PA56793","0 - VIN decoded clean. Check Digit (9th position) is correct",2006,"FORD","Ranger","Pickup","zlanglotz@gmail.com","Zachary","Langlotz","Zachary Langlotz","04/19/2019 08:09am","04/19/2019 08:07am","9259891021","925","989","1021",,,,,,,,,"CA","Suite E, 2777 Alvarado Street","San Leandro","94577","United States of America"
"5cd9b9bb8dee102862b4b57b","722585057","",1,1557772731789,"5cd9b9b78dee102862b4b4b1","1FTZR45E76PA03938","0 - VIN decoded clean. Check Digit (9th position) is correct",2006,"FORD","Ranger","Pickup","yaknski@yahoo.com","David","Turner","David Turner","01/30/2019 04:24pm","01/30/2019 04:21pm","5092206763","509","220","6763",,,,,,,,,"CA","Suite E, 2777 Alvarado Street","San Leandro","94577","United States of America"
"5cd736ccbc3d029f3e2ef019","607883779","",1,1557608140965,"5cd736cbbc3d029f3e2eeff5","1FTZR45E86PA38777","0 - VIN decoded clean. Check Digit (9th position) is correct",2006,"FORD","Ranger","Pickup","fastmiltoryes@yahoo.com","Brian","Robinson","Brian Robinson","12/09/2018 08:08pm","07/16/2019 07:58pm","4153732386","415","373","2386",,,,,,,,,"CA","Suite E, 2777 Alvarado Street","San Leandro","94577","United States of America"