"_id","userId","url","confirmed","created","vehicleId","VIN","notes","year","make","model","class","email","fname","lname","name","agreement_date","user_created","phone_0","phone_0_area","phone_0_prefix","phone_0_suffix","phone_1","phone_1_area","phone_1_prefix","phone_1_suffix","phone_2","phone_2_area","phone_2_prefix","phone_2_suffix","address_state","address_street","address_city","address_zip","address_country","vinImage_0_id","vinImage_0_url","vinImage_0_status","vinImage_1_id","vinImage_1_url","vinImage_1_status"
"5c9189126df02bca7ddbb2dc","836536929","",1,1553041682910,"5c9189116df02bca7ddbb2cb","3LN6L2J96GR624031","0 - VIN decoded clean. Check Digit (9th position) is correct",2016,"LINCOLN","MKZ","Sedan/Saloon","traviswbanks@yahoo.com","Travis","Banks","Travis Banks","03/19/2019 05:26pm","03/19/2019 05:25pm","8596129645","859","612","9645","6066693370","606","669","3370","8596132208","859","613","2208","KY","1626 Shakertown Rd","Cornishville","40330","United States of America",,,,,,
"5c95f2c2cfdcdebf521f65b9","041548435","",1,1553330882891,"5c95f2c1cfdcdebf521f6580","3LN6L2G92GR612496","0 - VIN decoded clean. Check Digit (9th position) is correct",2016,"LINCOLN","MKZ","Sedan/Saloon","missie.mccown@gmail.com","Melissa","Hatfield","Melissa Hatfield","09/16/2018 09:41pm","07/16/2019 07:58pm","6063310637","606","331","0637","6063539074","606","353","9074",,,,,"KY","80 Locust St","Huddy","41535-8858","United States of America",,,,,,
"5cba160738d6348e236a9757","923917831","",1,1555699207204,"5cba160638d6348e236a9743","3LN6L2G90GR603974","0 - VIN decoded clean. Check Digit (9th position) is correct",2016,"LINCOLN","MKZ","Sedan/Saloon","fawwilliamson@gmail.com","Allison","Williamson","Allison Williamson","04/19/2019 11:24am","04/19/2019 11:19am","4153732386","415","373","2386",,,,,,,,,"CA","Suite E, 2777 Alvarado Street","San Leandro","94577","United States of America",,,,,,
"5cb8972482b2fb94b59c7062","920731258","",1,1555601188679,"5cb8972382b2fb94b59c7045","3LN6L2LU5GR632056","0 - VIN decoded clean. Check Digit (9th position) is correct",2016,"LINCOLN","MKZ","Sedan/Saloon","aaron.modiano@gmail.com","Aaron","Modiano","Aaron Modiano","04/18/2019 08:21am","04/18/2019 08:19am","2024138758","202","413","8758",,,,,,,,,"FL","13701 S Biscayne River Rd","North miami","33161","United States of America",,,,,,
"5cbb08608bfd13bd0b50a576","925484518","",1,1555761248605,"5cbb085f8bfd13bd0b50a56a","3LN6L2J96GR624658","0 - VIN decoded clean. Check Digit (9th position) is correct",2016,"LINCOLN","MKZ","Sedan/Saloon","justcode6@yahoo.com","Chad","Woody","Chad Woody","04/20/2019 04:37am","04/20/2019 04:34am","4046157343","404","615","7343","4049228464","404","922","8464",,,,,"TN","177 Berlin Dr","Knoxville","37923","United States of America",,,,,,
"5cd22bbc90956aa90ca389ac","711820820","",1,1557277628748,"5cd22bbb90956aa90ca38987","3LN6L2J9XGR607667","0 - VIN decoded clean. Check Digit (9th position) is correct",2016,"LINCOLN","MKZ","Sedan/Saloon","bensonjab@sbcglobal.net","James","Benson","James Benson","05/07/2019 06:02pm","01/26/2019 06:23am","4153732386","415","373","2386",,,,,,,,,"CA","Suite E, 2777 Alvarado Street","San Leandro","94577","United States of America",,,,,,
"5cc109d2c71ee45321c34a84","938343328","",1,1556154834835,"5cc109d2c71ee45321c34a83","3LN6L2LU9GR625045","0 - VIN decoded clean. Check Digit (9th position) is correct",2016,"LINCOLN","MKZ","Sedan/Saloon","mom4tbwt@gmail.com","Mary","Newman","Mary Newman","04/24/2019 06:04pm","04/24/2019 06:03pm","4153732386","415","373","2386",,,,,,,,,"GA","9250 River Rd Lot 15","Fortson","31808","United States of America","5cc109b5c71ee45321c3300a","https://storage.googleapis.com/media.helloumi.com/customers/9383433/30PLIEBZC3RUV42XH76SNKQ0BGLWAY4U.jpeg",1,"5cc10a240c1a83285a1fa8bd","https://storage.googleapis.com/media.helloumi.com/customers/9383433/D99FBWCZWPRWEWL71M3I2HPBT3RNV2IN.jpg",1