"_id","userId","url","confirmed","created","vehicleId","VIN","notes","year","make","model","class","email","fname","lname","name","agreement_date","user_created","phone_0","phone_0_area","phone_0_prefix","phone_0_suffix","address_state","address_street","address_city","address_zip","address_country","phone_1","phone_1_area","phone_1_prefix","phone_1_suffix","phone_2","phone_2_area","phone_2_prefix","phone_2_suffix"
"5c7a69f02cdefb2ae124836e","794335233","",1,1551526384585,"5c7a69ef2cdefb2ae1248356","1FA6P8CFXF5308833","0 - VIN decoded clean. Check Digit (9th position) is correct",2015,"FORD","Mustang","Coupe","cburndown429@aol.com","Christopher","Horton","Christopher Horton","03/02/2019 03:28am","03/02/2019 03:27am","4153732386","415","373","2386","CA","Suite E, 2777 Alvarado Street","San Leandro","94577","United States of America",,,,,,,,
"5c848c49b5585721d9ad6fd9","810641836","",1,1552190537248,"5c848c48b5585721d9ad6fd3","1FA6P8AM4F5389104","0 - VIN decoded clean. Check Digit (9th position) is correct",2015,"FORD","Mustang","Coupe","elkemedina@yahoo.com","Edgar","Medina","Edgar Medina","03/09/2019 07:53pm","03/09/2019 07:52pm","4153732386","415","373","2386","MO","20172 London Lane ","Saint robert","65583","United States of America",,,,,,,,
"5cb8a992d2c455121e56bae8","920910822","",1,1555605906871,"5cb8a990d2c455121e56bab9","1FATP8EMZF5372198","1 - Check Digit (9th position) does not calculate properly",2015,"FORD","Mustang","Cabriolet/Convertible","swilliams1545@icloud.com","Sandra sue Williams","Williams","Sandra sue Williams Williams","04/18/2019 09:27am","04/18/2019 09:26am","4153732386","415","373","2386","CA","Suite E, 2777 Alvarado Street","San Leandro","94577","United States of America",,,,,,,,
"5ca364cd71f259573f31f8c7","875164351","",1,1554212045547,"5ca364cc71f259573f31f84b","1FA6P8CF2F5301715","0 - VIN decoded clean. Check Digit (9th position) is correct",2015,"FORD","Mustang","Coupe","someguy1211979@gmail.com","Michael","Loop","Michael Loop","04/02/2019 06:32am","04/02/2019 06:24am","2488842315","248","884","2315","MI","9539 Parkwood Dr","Grand blanc","48439","United States of America",,,,,,,,
"5cc3d6c77831f0a16bd934cc","943953723","",1,1556338375699,"5cc3d6c67831f0a16bd93445","1FA6P8TH1F5345397","0 - VIN decoded clean. Check Digit (9th position) is correct",2015,"FORD","Mustang","Coupe","summerctierno@yahoo.com","Summer","Tierno","Summer Tierno","04/26/2019 09:05pm","04/26/2019 09:02pm","4153732386","415","373","2386","MS","12440 Briarwood Dr W","Gulfport","39503","United States of America",,,,,,,,
"5cd622928cb02f84114357d0","525719160","",1,1557537426356,"5cd622918cb02f8411435778","1FA6P8TH3F5358877","0 - VIN decoded clean. Check Digit (9th position) is correct",2015,"FORD","Mustang","Coupe","donna.aasheim@gmail.com","Donna","Aasheim","Donna Aasheim","11/07/2018 07:33pm","07/16/2019 07:58pm","4255243189","425","524","3189","CA","24055 Clinton Keith Road Apt 1217","Wildomar","92595","United States of America","7608887399","760","888","7399","2532273000","253","227","3000"
"5cd5b0629e7976530a583810","410395816","",1,1557508194895,"5cd5b0619e7976530a583532","1FA6P8TH8F5381040","0 - VIN decoded clean. Check Digit (9th position) is correct",2015,"FORD","Mustang","Coupe","tmusser@my.devry.edu","Trevor","Musser","Trevor Musser","09/13/2018 02:38pm","07/16/2019 07:58pm","9376263267","937","626","3267","OH","7750 S Mote Rd","West milton","45383-7705","United States of America",,,,,,,,