"_id","userId","url","confirmed","created","vehicleId","VIN","notes","year","make","model","class","email","fname","lname","name","agreement_date","user_created","phone_0","phone_0_area","phone_0_prefix","phone_0_suffix","address_state","address_street","address_city","address_zip","address_country","phone_1","phone_1_area","phone_1_prefix","phone_1_suffix"
"5c5ba89f8c1752ca34fe0002","406579063","",1,1549510815192,"5c5ba89f8c1752ca34fe0001","3LNHL26C6AR612075","1 - Check Digit (9th position) does not calculate properly; 3 - VIN corrected, error in one position (assuming Check Digit is correct)",2010,"LINCOLN","MKZ","","dcorley626@hotmail.com","Dennis","Corley","Dennis Corley","09/11/2018 05:54pm","07/16/2019 07:58pm","3043693123","304","369","3123","CA","Suite E, 2777 Alvarado Street","San Leandro","94577","United States of America",,,,
"5c95f2623ab792ceaa6f1d1d","041548435","",1,1553330786759,"5c95f2613ab792ceaa6f1cce","3LNHL2GCXAR644057","0 - VIN decoded clean. Check Digit (9th position) is correct",2010,"LINCOLN","MKZ","Sedan/Saloon","missie.mccown@gmail.com","Melissa","Hatfield","Melissa Hatfield","09/16/2018 09:41pm","07/16/2019 07:58pm","6063310637","606","331","0637","KY","80 Locust St","Huddy","41535-8858","United States of America","6063539074","606","353","9074"
"5c69ab4d14a4b53928ac601f","764962702","",1,1550429005589,"5c69ab4c14a4b53928ac600f","3LNHL2JC5AR646372","0 - VIN decoded clean. Check Digit (9th position) is correct",2010,"LINCOLN","MKZ","Sedan/Saloon","trobertson_1@hotmail.com","Todd","Robertson","Todd Robertson","02/17/2019 10:30am","02/17/2019 07:13am","6168819710","616","881","9710","CA","Suite E, 2777 Alvarado Street","San Leandro","94577","United States of America",,,,
"5cd8b9128cb02f8411a623d5","804631122","",1,1557707026778,"5cd8b90f8cb02f8411a6236b","3LNHL2JC1AR643582","0 - VIN decoded clean. Check Digit (9th position) is correct",2010,"LINCOLN","MKZ","Sedan/Saloon","saralynnesowles@gmail.com","Sara","Dykstra","Sara Dykstra","03/07/2019 01:45am","03/07/2019 01:44am","5175889224","517","588","9224","CA","Suite E, 2777 Alvarado Street","San Leandro","94577","United States of America",,,,
"5cd9a83f8dee102862af9424","729548331","",1,1557768255023,"5cd9a83a8dee102862af9192","3LNHL2JC4AR638165","0 - VIN decoded clean. Check Digit (9th position) is correct",2010,"LINCOLN","MKZ","Sedan/Saloon","aeprairie@aol.com","Elaine","Prairie","Elaine Prairie","02/04/2019 06:53am","02/02/2019 03:33pm","5088884718","508","888","4718","CA","Suite E, 2777 Alvarado Street","San Leandro","94577","United States of America",,,,