"_id","userId","url","confirmed","created","vehicleId","VIN","notes","year","make","model","class","email","fname","lname","name","agreement_date","user_created","phone_0","phone_0_area","phone_0_prefix","phone_0_suffix","address_state","address_street","address_city","address_zip","address_country","phone_1","phone_1_area","phone_1_prefix","phone_1_suffix","phone_2","phone_2_area","phone_2_prefix","phone_2_suffix"
"5c7404539a113402fcf6cbcb","783016038","",1,1551107155678,"5c7404529a113402fcf6cb8d","2FMPK3K87FBC41988","0 - VIN decoded clean. Check Digit (9th position) is correct",2015,"FORD","Edge","Sport Utility Vehicle (SUV)/Multi Purpose Vehicle (MPV)","melanie@dennisalbright.com","Melanie","Naismith","Melanie Naismith","02/25/2019 07:01am","02/25/2019 07:00am","7134542220","713","454","2220","CA","Suite E, 2777 Alvarado Street","San Leandro","94577","United States of America",,,,,,,,
"5c741d3b21a75a5ef3a92b0a","783270448","",1,1551113531717,"5c741d3a21a75a5ef3a92ae6","2FMTK3K95FBB84584","0 - VIN decoded clean. Check Digit (9th position) is correct",2015,"FORD","Edge","Sport Utility Vehicle (SUV)/Multi Purpose Vehicle (MPV)","bjgreene@usa.com","Boyce","Greene","Boyce Greene","02/25/2019 08:46am","02/25/2019 08:44am","4344298099","434","429","8099","CA","Suite E, 2777 Alvarado Street","San Leandro","94577","United States of America","4346569312","434","656","9312",,,,
"5c97954ff6b6da97748c36cd","850363137","",1,1553438031497,"5c97954ef6b6da97748c36b4","2FMTK3G92FBB80467","0 - VIN decoded clean. Check Digit (9th position) is correct",2015,"FORD","Edge","Sport Utility Vehicle (SUV)/Multi Purpose Vehicle (MPV)","aaronf2015@icloud.com","Aaron","Duncan","Aaron Duncan","03/24/2019 07:30am","03/24/2019 07:28am","5026503021","502","650","3021","KY","994 Mallard Creek Road","Saint matthews","40207","United States of America","5025365155","502","536","5155","5023016306","502","301","6306"
"5c759088e9561660e4954dbe","786200247","",1,1551208584768,"5c759087e9561660e4954d8d","2FMPK3K87FBB76155","0 - VIN decoded clean. Check Digit (9th position) is correct",2015,"FORD","Edge","Sport Utility Vehicle (SUV)/Multi Purpose Vehicle (MPV)","dederichardboyd@gmail.com","Dede","Richard","Dede Richard","02/26/2019 10:58am","02/26/2019 10:57am","3182439439","318","243","9439","CA","Suite E, 2777 Alvarado Street","San Leandro","94577","United States of America",,,,,,,,
"5cd704ea71063d888bea5c38","541975678","",1,1557595370415,"5cd704e971063d888bea5c12","2FMTK4APXFBB76437","0 - VIN decoded clean. Check Digit (9th position) is correct",2015,"FORD","Edge","Sport Utility Vehicle (SUV)/Multi Purpose Vehicle (MPV)","jseidenspinner@outlook.com","Jeffrey","Seidenspinner","Jeffrey Seidenspinner","11/13/2018 04:46pm","07/16/2019 07:58pm","4439441474","443","944","1474","CA","Suite E, 2777 Alvarado Street","San Leandro","94577","United States of America",,,,,,,,