"_id","userId","url","confirmed","created","vehicleId","VIN","notes","year","make","model","class","email","fname","lname","name","agreement_date","user_created","phone_0","phone_0_area","phone_0_prefix","phone_0_suffix","phone_1","phone_1_area","phone_1_prefix","phone_1_suffix","address_state","address_street","address_city","address_zip","address_country","vinImage_0_id","vinImage_0_url","vinImage_0_status","phone_2","phone_2_area","phone_2_prefix","phone_2_suffix"
"5c624b46e2270d2f8479a9cd","542248748","",1,1549945670038,"5c624b44e2270d2f8479a9ac","JM1BL1L79D1772358","1 - Check Digit (9th position) does not calculate properly",2013,"MAZDA","Mazda3","Hatchback/Liftback/Notchback","reesagirl@gmail.com","Teresea","Hall","Teresea Hall","11/13/2018 07:15pm","07/16/2019 07:58pm","2523427770","252","342","7770","2523421381","252","342","1381","CA","Suite E, 2777 Alvarado Street","San Leandro","94577","United States of America",,,,,,,
"5c637174b1bc33753051db6e","374007021","",0,1550020980107,"5c637173b1bc33753051db54","JM1BL1U77D1717959","0 - VIN decoded clean. Check Digit (9th position) is correct",2013,"MAZDA","Mazda3","Sedan/Saloon","cjct61@sbcglobal.net","Carol","Cullen","Carol Cullen","08/27/2018 09:26pm","07/16/2019 07:58pm","6363886504","636","388","6504","6363885371","636","388","5371","MO","105 Hickory Circle","Union","63084","United States of America",,,,,,,
"5c86b2fdb5585721d92a65bd","814209115","",1,1552331517397,"5c86b2fcb5585721d92a655a","JM1BL1TFXD1792681","0 - VIN decoded clean. Check Digit (9th position) is correct",2013,"MAZDA","Mazda3","Sedan/Saloon","novemberfire@msn.com","Mandy","Gunter","Mandy Gunter","03/11/2019 11:58am","03/11/2019 11:56am","8323092684","832","309","2684",,,,,"CA","Suite E, 2777 Alvarado Street","San Leandro","94577","United States of America",,,,,,,
"5c92a717d0e2c200d0ff868d","838838022","",1,1553114903653,"5c92a717d0e2c200d0ff868b","JM1BL1L76D1719546","1 - Check Digit (9th position) does not calculate properly",2013,"MAZDA","Mazda3","Hatchback/Liftback/Notchback","mtbjon@yahoo.com","Jonathan","Rosenberg","Jonathan Rosenberg","03/20/2019 01:43pm","03/20/2019 11:54am","6084368137","608","436","8137",,,,,"WI","240 valley drive","Janesville","53546","United States of America","5c92a703d0e2c200d0ff8390","https://storage.googleapis.com/media.helloumi.com/customers/8390996/HOFJ2MIXBBC449PFP62LC5TMXKRON2JX.jpg",1,,,,
"5ca1f189e45fda286b6cc19c","870814939","",1,1554117001462,"5ca1f188e45fda286b6cc102","JM1BL1VP0D1738022","0 - VIN decoded clean. Check Digit (9th position) is correct",2013,"MAZDA","Mazda3","Sedan/Saloon","glamourgirly416@gmail.com","Robert","Greenstreet","Robert Greenstreet","04/01/2019 04:06am","04/01/2019 04:03am","4153732386","415","373","2386",,,,,"MD","3706 st.victor st ","Brooklyn curtis","21225","United States of America",,,,,,,
"5ca11e5011ef98cd4014510e","542174839","",1,1554062928581,"5ca11e4f11ef98cd401450f1","JM1BL1L74D1706953","0 - VIN decoded clean. Check Digit (9th position) is correct",2013,"MAZDA","Mazda3","Hatchback/Liftback/Notchback","jennifer@soucy.me","Jennifer","Soucy","Jennifer Soucy","11/13/2018 06:38pm","07/16/2019 07:58pm","9192251334","919","225","1334",,,,,"CA","Suite E, 2777 Alvarado Street","San Leandro","94577","United States of America",,,,,,,
"5cadc453a782469e2910eaac","897601217","",1,1554891859971,"5cadc453a782469e2910ea7c","JM1BL1UP2D1831660","0 - VIN decoded clean. Check Digit (9th position) is correct",2013,"MAZDA","Mazda3","Sedan/Saloon","arims1019@gmail.com","Ari","Taylor","Ari Taylor","04/10/2019 03:12am","04/10/2019 03:11am","4438684109","443","868","4109","4102068793","410","206","8793","MD","172 Morris Court","Glen burnie","21060","United States of America",,,,,,,
"5cdcff85bb37a1198d62f734","792460617","",1,1557987205259,"5cdcff80bb37a1198d62f136","JM1BL1TF7D1765776","0 - VIN decoded clean. Check Digit (9th position) is correct",2013,"MAZDA","Mazda3","Sedan/Saloon","mrs.stroup420@gmail.com","Tina","Cancilla","Tina Cancilla","03/03/2019 11:39pm","03/01/2019 04:05am","3522460798","352","246","0798","3522167964","352","216","7964","CA","Suite E, 2777 Alvarado Street","San Leandro","94577","United States of America",,,,"3522569831","352","256","9831"
"5cd5a2610968acce667715b7","928396046","",1,1557504609429,"5cd5a25f0968acce6677153d","JM1BL1L70D1763294","0 - VIN decoded clean. Check Digit (9th position) is correct",2013,"MAZDA","Mazda3","Hatchback/Liftback/Notchback","brent.august@gmail.com","Brent","Meyer","Brent Meyer","04/21/2019 09:55am","04/21/2019 09:54am","5132761600","513","276","1600",,,,,"OH","3440 Wabash Ave","Cincinnati","45207","United States of America",,,,,,,