"claimId","filed","userId","userCreated","VIN","year","make","model","class","email","fname","lname","name","agreement_date","rental","towing","childCare","repair","wages","storage","transport","other","otherDesc","q1","q2","q3","q4","phone_0","phone_0_area","phone_0_prefix","phone_0_suffix","address_state","address_street","address_city","address_zip","address_country","BMW_X1_2013","BMW_X1_2014","BMW_X1_2015","phone_1","phone_1_area","phone_1_prefix","phone_1_suffix","BMW_X1_2017","BMW_X3_2007","BMW_X3_2008","phone_2","phone_2_area","phone_2_prefix","phone_2_suffix","BMW_X3_2010","BMW_X3_2014"
"5d3758bfa37d088ff2fa27e4","11/08/2018 11:20am","527921733","07/23/2019 11:58am","WBAVM1C58DVW45461",2013,"BMW","X1",,"angelalitton1@gmail.com","Angela","Litton","Angela Litton","11/08/2018 12:20pm",0,0,0,0,0,0,0,0,,"x","x","x","","4153732386","415","373","2386","CA","Suite E, 2777 Alvarado Street","San Leandro","94577","United States of America","x",,,,,,,,,,,,,,,
"5d3758bfa37d088ff2fa27e5","11/08/2018 11:20am","527921733","07/23/2019 11:58am","WBAVM1C58DVW45461",2013,"BMW","X1",,"angelalitton1@gmail.com","Angela","Litton","Angela Litton","11/08/2018 12:20pm",0,0,0,0,0,0,0,0,,"x","x","x","","4153732386","415","373","2386","CA","Suite E, 2777 Alvarado Street","San Leandro","94577","United States of America","x",,,,,,,,,,,,,,,
"5d3758bfa37d088ff2fa27a2","08/29/2018 00:13am","373975092","07/23/2019 11:58am","WBAVM1C5XEVW46774",2014,"BMW","X1",,"dennis.esler@gmail.com","Dennis","Esler","Dennis Esler","08/29/2018 00:13am",0,0,0,0,0,0,0,0,,"x","x","x","","7705966247","770","596","6247","GA","2171 Elmont Way","Smyrna","30080","United States of America",,"x",,,,,,,,,,,,,,
"5d3758bfa37d088ff2fa2e5d","03/23/2019 10:09am","848614419","03/23/2019 10:06am","WBAVL1C51EVY16555",2014,"BMW","X1",,"navotssmith@gmail.com","Nathan","Avots-Smith","Nathan Avots-Smith","03/23/2019 10:07am",0,0,0,0,0,0,0,0,,"x","x","x","","4153732386","415","373","2386","CA","4626 Park Blvd","Oakland","94602","United States of America",,"x",,,,,,,,,,,,,,
"5d3758bfa37d088ff2fa2e89","03/24/2019 12:33pm","850442541","03/24/2019 08:05am","WBAVM1C59FVW56973",2015,"BMW","X1",,"brthorsen@gmail.com","Bryan","Thorsen","Bryan Thorsen","03/24/2019 08:06am",0,0,0,0,0,0,0,0,,"x","","","x","8155054335","815","505","4335","GA","1422 E 52nd St","State college","31404","United States of America",,,"x",,,,,,,,,,,,,
"5d3758bfa37d088ff2fa301d","04/19/2019 12:58pm","924088522","04/19/2019 12:32pm","WBAVM1C5XFV498580",2015,"BMW","X1",,"ugoforitnow@gmail.com","Christian","Mcquown","Christian Mcquown","04/19/2019 12:34pm",0,0,0,0,0,0,0,0,,"x","x","x","","7025107256","702","510","7256","NV","5952 post mountain st","North las vegas","89031","United States of America",,,"x",,,,,,,,,,,,,
"5d3758bfa37d088ff2fa33b1","05/12/2019 05:48am","870324957","03/31/2019 10:44pm","WBAVM1C58FVW58441",2015,"BMW","X1",,"llorylabar7@yahoo.com","Lory","LaBar","Lory LaBar","03/31/2019 10:46pm",0,0,0,0,0,0,0,0,,"x","x","x","","4153732386","415","373","2386","CA","Suite E, 2777 Alvarado Street","San Leandro","94577","United States of America",,,"x",,,,,,,,,,,,,
"5d3758bfa37d088ff2fa3083","04/21/2019 09:53am","928360808","04/21/2019 09:35am","WBXHT3Z3XH4A54876",2017,"BMW","X1",,"jessicahansen1972@gmail.com","Jessica","Hansen-Frazer","Jessica Hansen-Frazer","04/21/2019 09:35am",0,0,0,0,0,0,0,0,,"x","x","x","","8179914433","817","991","4433","TX","220 casa blanca circle","Fort worth","76107","United States of America",,,,"8179030817","817","903","0817","x",,,,,,,,
"5d3758bfa37d088ff2fa33e9","05/13/2019 06:43am","641950956","07/23/2019 11:58am","WBXHT3C37H5F69742",2017,"BMW","X1",,"caseylmeredith@yahoo.com","Casey","Swakon","Casey Swakon","12/24/2018 07:09am",0,0,0,0,0,0,0,0,,"x","","","x","3614433389","361","443","3389","VA","12085 Pond View Ct","Raccoon ford","22701","United States of America",,,,,,,,"x",,,,,,,,
"5d3758bfa37d088ff2fa27de","11/08/2018 07:21am","527370795","07/23/2019 11:58am","WBXPC93407NJ00800",2007,"BMW","X3",,"mwykes2@gmail.com","Leslie","Wykes","Leslie Wykes","11/08/2018 08:21am",0,0,0,0,0,0,0,0,,"x","x","x","","4153732386","415","373","2386","CA","Suite E, 2777 Alvarado Street","San Leandro","94577","United States of America",,,,,,,,,"x",,,,,,,
"5d3758bfa37d088ff2fa28e3","12/06/2018 10:52am","600495965","07/23/2019 11:58am","WBXPC93497WF22762",2007,"BMW","X3",,"psh864@hotmail.com","Paul","Hastings","Paul Hastings","12/06/2018 11:35am",0,0,0,0,0,0,0,0,,"x","x","x","","4157225219","415","722","5219","CA","Suite E, 2777 Alvarado Street","San Leandro","94577","United States of America",,,,"4158648129","415","864","8129",,"x",,,,,,,
"5d3758bfa37d088ff2fa28e4","12/06/2018 10:56am","600495965","07/23/2019 11:58am","WBXPC93497WF22762",2007,"BMW","X3",,"psh864@hotmail.com","Paul","Hastings","Paul Hastings","12/06/2018 11:35am",0,0,0,0,0,0,0,0,,"x","x","x","","4157225219","415","722","5219","CA","Suite E, 2777 Alvarado Street","San Leandro","94577","United States of America",,,,"4158648129","415","864","8129",,"x",,,,,,,
"5d3758bfa37d088ff2fa2932","12/12/2018 12:27pm","600558136","07/23/2019 11:58am","WBXPC93427WF21338",2007,"BMW","X3",,"joseph.mognon@gmail.com","Joseph","Mognon","Joseph Mognon","12/06/2018 12:13pm",0,0,0,0,0,0,0,0,,"x","x","x","","4152381930","415","238","1930","CA","Suite E, 2777 Alvarado Street","San Leandro","94577","United States of America",,,,,,,,,"x",,,,,,,
"5d3758bfa37d088ff2fa29ed","01/28/2019 01:05pm","716164223","01/28/2019 12:18pm","WBXPC93417WF00299",2007,"BMW","X3",,"dfitz21@gmail.com","Daniel","FitzGerald","Daniel FitzGerald","01/28/2019 12:19pm",0,0,0,0,0,0,0,0,,"x","x","x","","4153732386","415","373","2386","CA","Suite E, 2777 Alvarado Street","San Leandro","94577","United States of America",,,,,,,,,"x",,,,,,,
"5d3758bfa37d088ff2fa2c13","02/21/2019 03:03pm","774792014","02/21/2019 10:33am","WBXPC934X7WF28814",2007,"BMW","X3",,"linda.biamonte@comcast.net","Linda","Biamonte","Linda Biamonte","02/21/2019 10:35am",0,0,0,0,0,0,0,0,,"x","","","x","4153732386","415","373","2386","CA","Suite E, 2777 Alvarado Street","San Leandro","94577","United States of America",,,,,,,,,"x",,,,,,,
"5d3758bfa37d088ff2fa3452","05/16/2019 08:01pm","918939951","04/17/2019 04:29pm","WBXPC93457WF02699",2007,"BMW","X3",,"mvbmore@aol.com","Jill","Morello","Jill Morello","04/17/2019 04:34pm",0,0,0,0,0,0,0,0,,"x","x","x","","7817755657","781","775","5657","CA","Suite E, 2777 Alvarado Street","San Leandro","94577","United States of America",,,,"7812862618","781","286","2618",,"x",,,,,,,
"5d3758bfa37d088ff2fa2776","11/02/2018 06:45pm","513620282","07/23/2019 11:58am","WBXPC93498WJ22084",2008,"BMW","X3",,"swknox@hawaiiantel.net","Stephen","Knox","Stephen Knox","11/02/2018 06:45pm",0,0,0,0,0,0,0,0,,"x","x","x","","4153732386","415","373","2386","CA","Suite E, 2777 Alvarado Street","San Leandro","94577","United States of America",,,,,,,,,,"x",,,,,,
"5d3758bfa37d088ff2fa29ed","01/28/2019 01:05pm","716164223","01/28/2019 12:18pm","WBXPC93468WJ19644",2008,"BMW","X3",,"dfitz21@gmail.com","Daniel","FitzGerald","Daniel FitzGerald","01/28/2019 12:19pm",0,0,0,0,0,0,0,0,,"x","x","x","","4153732386","415","373","2386","CA","Suite E, 2777 Alvarado Street","San Leandro","94577","United States of America",,,,,,,,,,"x",,,,,,
"5d3758bfa37d088ff2fa2eb9","03/25/2019 02:40pm","854075116","03/25/2019 02:32pm","WBXPC93418WJ10169",2008,"BMW","X3",,"paulamariehorton@icloud.com","Paula","Horton","Paula Horton","03/25/2019 02:33pm",0,0,0,0,0,0,0,0,,"x","x","x","","8283555563","828","355","5563","NC","2111 Princess place drive","Ogden","28405","United States of America",,,,"8283378648","828","337","8648",,,"x","8438643676","843","864","3676",,
"5d3758bfa37d088ff2fa3115","04/26/2019 06:10am","942269347","04/26/2019 06:02am","WBXPC93458WJ17013",2008,"BMW","X3",,"amwilburn17@gmail.com","Amanda","Wilburn","Amanda Wilburn","04/26/2019 06:04am",0,0,0,0,0,0,0,0,,"x","x","x","","8595398522","859","539","8522","KY","813 Turkey Foot Ct. Apt. 1","Lexington","40502","United States of America",,,,,,,,,,"x",,,,,,
"5d3758bfa37d088ff2fa27fe","11/09/2018 04:11am","529636926","07/23/2019 11:58am","WBXPC9C41AWJ32730",2010,"BMW","X3",,"mjones92186@gmail.com","Michele","Jones","Michele Jones","11/09/2018 05:11am",0,0,0,0,0,0,0,0,,"x","x","x","","4153732386","415","373","2386","CA","Suite E, 2777 Alvarado Street","San Leandro","94577","United States of America",,,,,,,,,,,,,,,"x",
"5d3758bfa37d088ff2fa31be","05/07/2019 08:43am","789650207","02/27/2019 07:32pm","5UXWX9C52E0D34234",2014,"BMW","X3",,"bsuch10@verizon.net","William","Such Jr.","William Such Jr.","05/07/2019 06:08am",0,0,0,0,0,0,0,0,,"x","x","x","","7166910681","716","691","0681","CA","Suite E, 2777 Alvarado Street","San Leandro","94577","United States of America",,,,,,,,,,,,,,,,"x"