"claimId","filed","userId","userCreated","VIN","year","make","model","class","email","fname","lname","name","agreement_date","rental","towing","childCare","repair","wages","storage","transport","other","otherDesc","q1","q2","q3","q4","phone_0","phone_0_area","phone_0_prefix","phone_0_suffix","address_state","address_street","address_city","address_zip","address_country","Subaru_Baja_2003","phone_1","phone_1_area","phone_1_prefix","phone_1_suffix","Subaru_Baja_2006","Subaru_Forester_2009","phone_2","phone_2_area","phone_2_prefix","phone_2_suffix","Subaru_Forester_2010","Subaru_Forester_2011","Subaru_Forester_2012","Subaru_Forester_2013","Subaru_Impreza_2004","Subaru_Impreza_2005","Subaru_Impreza_2006","Subaru_Impreza_2007","Subaru_Impreza_2008","Subaru_Impreza_2009","Subaru_Impreza_2010","Subaru_Impreza_2011","Subaru_Legacy_2003","Subaru_Legacy_2004","Subaru_Legacy_2005","Subaru_Legacy_2006","Subaru_Legacy_2008","Subaru_Legacy_2009","Subaru_Legacy_2010","Subaru_Legacy_2011","Subaru_Legacy_2012","Subaru_Legacy_2013","Subaru_Legacy_2014","Subaru_Legacy_2017","Subaru_Outback_2005","Subaru_Outback_2006","Subaru_Outback_2007","Subaru_Outback_2008","Subaru_Outback_2009","Subaru_Outback_2010","Subaru_Outback_2011","Subaru_Outback_2012","Subaru_Outback_2013","Subaru_Outback_2014","Subaru_Outback_2016","Subaru_Outback_2017","Saab_9-2X_2005"
"5d3758bfa37d088ff2fa2b01","02/05/2019 02:25pm","737443415","02/05/2019 02:12pm","4S4BT61C537109623",2003,"SUBARU","Baja",,"keepswb@hotmail.com","Lisa","Keeper","Lisa Keeper","02/05/2019 02:12pm",0,0,0,0,0,0,0,0,,"x","x","x","","3016393717","301","639","3717","CA","Suite E, 2777 Alvarado Street","San Leandro","94577","United States of America","x",,,,,,,,,,,,,,,,,,,,,,,,,,,,,,,,,,,,,,,,,,,,,,,
"5d3758bfa37d088ff2fa2d37","03/08/2019 07:00am","807670354","03/08/2019 06:47am","4S4BT62C137110315",2003,"SUBARU","Baja",,"psd96@yahoo.com","Keith","Hanlon","Keith Hanlon","03/08/2019 06:48am",0,0,0,0,0,0,0,0,,"x","x","x","","9103151520","910","315","1520","CA","Suite E, 2777 Alvarado Street","San Leandro","94577","United States of America","x","9103158174","910","315","8174",,,,,,,,,,,,,,,,,,,,,,,,,,,,,,,,,,,,,,,,,,,
"5d3758bfa37d088ff2fa2d38","03/08/2019 07:00am","807670354","03/08/2019 06:47am","4S4BT62C137110315",2003,"SUBARU","Baja",,"psd96@yahoo.com","Keith","Hanlon","Keith Hanlon","03/08/2019 06:48am",0,0,0,0,0,0,0,0,,"x","x","x","","9103151520","910","315","1520","CA","Suite E, 2777 Alvarado Street","San Leandro","94577","United States of America","x","9103158174","910","315","8174",,,,,,,,,,,,,,,,,,,,,,,,,,,,,,,,,,,,,,,,,,,
"5d3758bfa37d088ff2fa2e63","03/23/2019 01:38pm","848984409","03/23/2019 01:20pm","4S4BT62C866105283",2006,"SUBARU","Baja",,"eccouple@yahoo.com","Jeffrey","Oswalt","Jeffrey Oswalt","03/23/2019 01:30pm",0,0,0,0,0,0,0,0,,"x","x","x","","4153732386","415","373","2386","MA","11carriage way","Methuen","1844","United States of America",,,,,,"x",,,,,,,,,,,,,,,,,,,,,,,,,,,,,,,,,,,,,,,,,,
"5d3758bfa37d088ff2fa305d","04/20/2019 12:30pm","926488353","04/20/2019 12:25pm","4S4BT63C365103526",2006,"SUBARU","Baja",,"mullarkey.tara@gmail.com","Tara","Mullarkey","Tara Mullarkey","04/20/2019 12:26pm",0,0,0,0,0,0,0,0,,"x","x","x","","6172756023","617","275","6023","MA","143 Bellvale St","Malden","02148","United States of America",,,,,,"x",,,,,,,,,,,,,,,,,,,,,,,,,,,,,,,,,,,,,,,,,,
"5d3758bfa37d088ff2fa33af","05/12/2019 05:47am","373980682","07/23/2019 11:58am","4S4BT62C667100089",2006,"SUBARU","Baja",,"rnoahjacob@aol.com","Alan","Reed","Alan Reed","08/28/2018 07:59pm",0,0,0,0,0,0,0,0,,"x","x","x","","2078327545","207","832","7545","ME","33 pine ridge drive","Nobleboro","04555","United States of America",,"2077016393","207","701","6393","x",,,,,,,,,,,,,,,,,,,,,,,,,,,,,,,,,,,,,,,,,,
"5d3758bfa37d088ff2fa33b0","05/12/2019 05:48am","373980682","07/23/2019 11:58am","4S4BT62C667100089",2006,"SUBARU","Baja",,"rnoahjacob@aol.com","Alan","Reed","Alan Reed","08/28/2018 07:59pm",0,0,0,0,0,0,0,0,,"x","x","x","","2078327545","207","832","7545","ME","33 pine ridge drive","Nobleboro","04555","United States of America",,"2077016393","207","701","6393","x",,,,,,,,,,,,,,,,,,,,,,,,,,,,,,,,,,,,,,,,,,
"5d3758bfa37d088ff2fa283a","11/11/2018 04:41pm","535677599","07/23/2019 11:58am","JF2SH61689H726549",2009,"SUBARU","Forester",,"trisha_kerstetter@yahoo.com","Trisha","Kerstetter","Trisha Kerstetter","11/11/2018 05:41pm",0,0,0,0,0,0,0,0,,"x","x","x","","4153732386","415","373","2386","CA","Suite E, 2777 Alvarado Street","San Leandro","94577","United States of America",,,,,,,"x",,,,,,,,,,,,,,,,,,,,,,,,,,,,,,,,,,,,,,,,,
"5d3758bfa37d088ff2fa289f","11/21/2018 03:51am","562210998","07/23/2019 11:58am","JF2SH61639H700392",2009,"SUBARU","Forester",,"bd91000@yahoo.com","Sheldon","Sy","Sheldon Sy","11/21/2018 04:40am",0,0,0,0,0,0,0,0,,"x","x","x","","5705924204","570","592","4204","CA","Suite E, 2777 Alvarado Street","San Leandro","94577","United States of America",,,,,,,"x",,,,,,,,,,,,,,,,,,,,,,,,,,,,,,,,,,,,,,,,,
"5d3758bfa37d088ff2fa2b41","02/11/2019 01:35pm","750318408","02/11/2019 01:27pm","JF2SH61659H785350",2009,"SUBARU","Forester",,"jsg93085@gmail.com","Joshua","Gray","Joshua Gray","02/11/2019 01:28pm",0,0,0,0,0,0,0,0,,"x","","","x","6026210815","602","621","0815","CA","Suite E, 2777 Alvarado Street","San Leandro","94577","United States of America",,"4804332268","480","433","2268",,"x","4802504388","480","250","4388",,,,,,,,,,,,,,,,,,,,,,,,,,,,,,,,,,,,,
"5d3758bfa37d088ff2fa2bc3","02/15/2019 06:09am","760869013","02/15/2019 06:03am","JF2SH64659H759763",2009,"SUBARU","Forester",,"tsuffes@gmail.com","Tara","Suffes","Tara Suffes","02/15/2019 06:04am",0,0,0,0,0,0,0,0,,"x","x","x","","4153732386","415","373","2386","CA","Suite E, 2777 Alvarado Street","San Leandro","94577","United States of America",,,,,,,"x",,,,,,,,,,,,,,,,,,,,,,,,,,,,,,,,,,,,,,,,,
"5d3758bfa37d088ff2fa2e68","03/23/2019 05:51pm","849383919","03/23/2019 05:45pm","JF2SH61659H735855",2009,"SUBARU","Forester",,"enjayification@gmail.com","Nathan","Johnson","Nathan Johnson","03/23/2019 05:46pm",0,0,0,0,0,0,0,0,,"x","x","x","","8014103353","801","410","3353","UT","9706 S Pine Meadow Way","South jordan","84095","United States of America",,,,,,,"x",,,,,,,,,,,,,,,,,,,,,,,,,,,,,,,,,,,,,,,,,
"5d3758bfa37d088ff2fa2f1f","04/04/2019 12:20pm","883007246","04/04/2019 12:07pm","JF2SH63639H720381",2009,"SUBARU","Forester",,"hawleyd@gmail.com","Derek","Hawley","Derek Hawley","04/04/2019 12:08pm",0,0,0,0,0,0,0,0,,"x","x","x","","5305200441","530","520","0441","CA","186 E Shasta Ave Apt 4B","Richardson sprin","95973","United States of America",,,,,,,"x",,,,,,,,,,,,,,,,,,,,,,,,,,,,,,,,,,,,,,,,,
"5d3758bfa37d088ff2fa3011","04/19/2019 09:50am","923666515","04/19/2019 09:40am","JF2SH64619H725917",2009,"SUBARU","Forester",,"donaldmcnabb333@comcast.net","Marty","McNabb","Marty McNabb","04/19/2019 09:41am",0,0,0,0,0,0,0,0,,"x","x","x","","4153732386","415","373","2386","WV","314 Chase Lane","Moundsville","26041","United States of America",,,,,,,"x",,,,,,,,,,,,,,,,,,,,,,,,,,,,,,,,,,,,,,,,,
"5d3758bfa37d088ff2fa32f6","05/10/2019 07:24pm","594941865","07/23/2019 11:58am","JF2SH66699H724236",2009,"SUBARU","Forester",,"mdoughty7041@gmail.com","Michael","Doughty","Michael Doughty","12/04/2018 08:50am",0,0,0,0,0,0,0,0,,"x","x","x","","8156222868","815","622","2868","CA","Suite E, 2777 Alvarado Street","San Leandro","94577","United States of America",,,,,,,"x",,,,,,,,,,,,,,,,,,,,,,,,,,,,,,,,,,,,,,,,,
"5d3758bfa37d088ff2fa332f","05/11/2019 06:17am","609857229","07/23/2019 11:58am","JF2SH63639H718727",2009,"SUBARU","Forester",,"flame207@yahoo.com","Denise","Shehadeh","Denise Shehadeh","12/10/2018 04:50pm",0,0,0,0,0,0,0,0,,"x","","","x","2487612229","248","761","2229","MI","17856 Breezeway","Fraser","48026","United States of America",,"2483985729","248","398","5729",,"x",,,,,,,,,,,,,,,,,,,,,,,,,,,,,,,,,,,,,,,,,
"5d3758bfa37d088ff2fa333d","05/11/2019 08:57am","565612563","07/23/2019 11:58am","JF2SH64629H718989",2009,"SUBARU","Forester",,"tcfox59@outlook.com","Timothy","Fox","Timothy Fox","11/22/2018 09:15am",0,0,0,0,0,0,0,0,,"x","x","x","","0004568202","000","456","8202","WA","9142 Deni Dr NE ","Lacey","98156","United States of America",,"3602595055","360","259","5055",,"x","3609729938","360","972","9938",,,,,,,,,,,,,,,,,,,,,,,,,,,,,,,,,,,,,
"5d3758bfa37d088ff2fa3425","05/14/2019 09:17am","868685934","03/31/2019 07:01am","JF2SH63669H780509",2009,"SUBARU","Forester",,"gratefulninaanne@gmail.com","Kristina","Bartholomew","Kristina Bartholomew","03/31/2019 07:23am",0,0,0,0,0,0,0,0,,"x","x","x","","5403265531","540","326","5531","PA","80 Maribeth Drive","Chambersburg","17202","United States of America",,,,,,,"x",,,,,,,,,,,,,,,,,,,,,,,,,,,,,,,,,,,,,,,,,
"5d3758bfa37d088ff2fa28b9","12/01/2018 05:22am","486156031","07/23/2019 11:58am","JF2SH6DC7AH731246",2010,"SUBARU","Forester",,"jameyjenn@gmail.com","Jennifer","Crowl","Jennifer Crowl","10/22/2018 06:15am",0,0,0,0,0,0,0,0,,"x","x","x","","3096441084","309","644","1084","CA","Suite E, 2777 Alvarado Street","San Leandro","94577","United States of America",,"3096441083","309","644","1083",,,,,,,"x",,,,,,,,,,,,,,,,,,,,,,,,,,,,,,,,,,,,
"5d3758bfa37d088ff2fa28ed","12/06/2018 06:13pm","601202490","07/23/2019 11:58am","JF2SH6AC2AH746158",2010,"SUBARU","Forester",,"heathmbudig@gmail.com","Heath","Budig","Heath Budig","12/06/2018 07:03pm",0,0,0,0,0,0,0,0,,"x","x","x","","4052046907","405","204","6907","CA","Suite E, 2777 Alvarado Street","San Leandro","94577","United States of America",,,,,,,,,,,,"x",,,,,,,,,,,,,,,,,,,,,,,,,,,,,,,,,,,,
"5d3758bfa37d088ff2fa2982","12/18/2018 05:09am","628073463","07/23/2019 11:58am","JF2SH6CC4AH790451",2010,"SUBARU","Forester",,"alexei.boriskin@gmail.com","Elena","Boriskina","Elena Boriskina","12/18/2018 06:04am",0,0,0,0,0,0,0,0,,"x","x","x","","4153732386","415","373","2386","CA","Suite E, 2777 Alvarado Street","San Leandro","94577","United States of America",,,,,,,,,,,,"x",,,,,,,,,,,,,,,,,,,,,,,,,,,,,,,,,,,,
"5d3758bfa37d088ff2fa29b5","12/25/2018 10:54am","643972850","07/23/2019 11:58am","JF2SH6BC4AH805919",2010,"SUBARU","Forester",,"hughj38@gmail.com","Hugh.","Ivory","Hugh. Ivory","12/25/2018 11:38am",0,0,0,0,0,0,0,0,,"x","x","x","","3014346410","301","434","6410","CA","Suite E, 2777 Alvarado Street","San Leandro","94577","United States of America",,,,,,,,,,,,"x",,,,,,,,,,,,,,,,,,,,,,,,,,,,,,,,,,,,
"5d3758bfa37d088ff2fa29f8","01/28/2019 10:47pm","717101850","01/28/2019 10:36pm","JF2SH6DCOAH733131",2010,"SUBARU","Forester",,"klrrrt2@aol.com","Kimberly","Rosenberger","Kimberly Rosenberger","01/28/2019 10:41pm",0,0,0,0,0,0,0,0,,"x","x","x","","4199010101","419","901","0101","CA","Suite E, 2777 Alvarado Street","San Leandro","94577","United States of America",,"7702381941","770","238","1941",,,"8664084070","866","408","4070","x",,,,,,,,,,,,,,,,,,,,,,,,,,,,,,,,,,,,
"5d3758bfa37d088ff2fa2a0c","01/29/2019 05:19pm","719676838","01/29/2019 05:11pm","JF2SH6BCXAG792700",2010,"SUBARU","Forester",,"lkhamer@gmail.com","Lucy","Hamer","Lucy Hamer","01/29/2019 05:12pm",0,0,0,0,0,0,0,0,,"x","x","x","","6036676956","603","667","6956","CA","Suite E, 2777 Alvarado Street","San Leandro","94577","United States of America",,,,,,,,,,,,"x",,,,,,,,,,,,,,,,,,,,,,,,,,,,,,,,,,,,
"5d3758bfa37d088ff2fa2c32","02/22/2019 08:01pm","474796730","07/23/2019 11:58am","JF2SH6CC3AH776606",2010,"SUBARU","Forester",,"grits1965@gmail.com","Kerri","Peters","Kerri Peters","10/16/2018 09:16pm",0,0,0,0,0,0,0,0,,"x","x","x","","5419086025","541","908","6025","CA","Suite E, 2777 Alvarado Street","San Leandro","94577","United States of America",,"5059161030","505","916","1030",,,,,,,"x",,,,,,,,,,,,,,,,,,,,,,,,,,,,,,,,,,,,
"5d3758bfa37d088ff2fa2d4f","03/09/2019 05:28am","809446722","03/09/2019 05:22am","JF2SH6FC9AH901961",2010,"SUBARU","Forester",,"chickenhawk42@gmail.com","Michael","Bryers","Michael Bryers","03/09/2019 05:22am",0,0,0,0,0,0,0,0,,"x","x","x","","4153732386","415","373","2386","CA","Suite E, 2777 Alvarado Street","San Leandro","94577","United States of America",,,,,,,,,,,,"x",,,,,,,,,,,,,,,,,,,,,,,,,,,,,,,,,,,,
"5d3758bfa37d088ff2fa2d7c","03/14/2019 01:26pm","457704684","07/23/2019 11:58am","JF2SH6CC3AH781059",2010,"SUBARU","Forester",,"levi.webb@gmail.com","Samuel","Webb","Samuel Webb","10/08/2018 08:43am",0,0,0,0,0,0,0,0,,"x","x","x","","4252385723","425","238","5723","CA","Suite E, 2777 Alvarado Street","San Leandro","94577","United States of America",,"2036101986","203","610","1986",,,,,,,"x",,,,,,,,,,,,,,,,,,,,,,,,,,,,,,,,,,,,
"5d3758bfa37d088ff2fa2e94","03/24/2019 08:33pm","851803748","03/24/2019 08:19pm","JF2SH6FC1AH752400",2010,"SUBARU","Forester",,"classaction@michaelrub.in","Michael","Rubin","Michael Rubin","03/24/2019 08:20pm",0,0,0,0,0,0,0,0,,"x","","","x","3365000470","336","500","0470","NC","12 Regal Court","Greensboro","27410","United States of America",,"5163307987","516","330","7987",,,"9176733924","917","673","3924","x",,,,,,,,,,,,,,,,,,,,,,,,,,,,,,,,,,,,
"5d3758bfa37d088ff2fa2fec","04/18/2019 01:38pm","921474851","04/18/2019 01:22pm","JF2SH6AC9AH746559",2010,"SUBARU","Forester",,"karrie2357@gmail.com","Karrie","Ditmore","Karrie Ditmore","04/18/2019 01:24pm",0,0,0,0,0,0,0,0,,"x","x","x","","4153732386","415","373","2386","WV","7157 Kingwood pike","Reedsville","26547","United States of America",,,,,,,,,,,,"x",,,,,,,,,,,,,,,,,,,,,,,,,,,,,,,,,,,,
"5d3758bfa37d088ff2fa30c8","04/22/2019 12:56pm","931781536","04/22/2019 12:47pm","JF2SH6CC0AH702396",2010,"SUBARU","Forester",,"mcdonoughbruce067@gmail.com","Bruce","McDonough","Bruce McDonough","04/22/2019 12:51pm",0,0,0,0,0,0,0,0,,"x","x","x","","4153732386","415","373","2386","CA","Suite E, 2777 Alvarado Street","San Leandro","94577","United States of America",,,,,,,,,,,,"x",,,,,,,,,,,,,,,,,,,,,,,,,,,,,,,,,,,,
"5d3758bfa37d088ff2fa323a","05/10/2019 04:41am","940415833","04/25/2019 11:53am","JF2SH6CC5AH706315",2010,"SUBARU","Forester",,"psychrn902clinic@yahoo.com","Susan L.","Reskiewicz","Susan L. Reskiewicz","04/25/2019 11:55am",0,0,0,0,0,0,0,0,,"x","x","x","","4153732386","415","373","2386","CA","Suite E, 2777 Alvarado Street","San Leandro","94577","United States of America",,,,,,,,,,,,"x",,,,,,,,,,,,,,,,,,,,,,,,,,,,,,,,,,,,
"5d3758bfa37d088ff2fa329a","05/10/2019 11:07am","889953455","04/07/2019 11:45am","JF2SH6CCXAG704677",2010,"SUBARU","Forester",,"distilledwaterz@gmail.com","Rachel","Garrett","Rachel Garrett","04/07/2019 11:46am",0,0,0,0,0,0,0,0,,"x","x","x","","4153732386","415","373","2386","CA","Suite E, 2777 Alvarado Street","San Leandro","94577","United States of America",,,,,,,,,,,,"x",,,,,,,,,,,,,,,,,,,,,,,,,,,,,,,,,,,,
"5d3758bfa37d088ff2fa32a1","05/10/2019 11:24am","470309482","07/23/2019 11:58am","JF2SH6ACXAG720963",2010,"SUBARU","Forester",,"markat84@yahoo.com","Mark","Campbell","Mark Campbell","10/15/2018 01:53am",0,0,0,0,0,0,0,0,,"x","x","x","","7756915653","775","691","5653","NV","17790 Boxelder Ct","Reno","89508","United States of America",,,,,,,,,,,,"x",,,,,,,,,,,,,,,,,,,,,,,,,,,,,,,,,,,,
"5d3758bfa37d088ff2fa32ae","05/10/2019 12:01pm","845106257","03/22/2019 03:20pm","JF2SH6CCXAH710697",2010,"SUBARU","Forester",,"panheadflyfish@gmail.com","Warren","Weglinski","Warren Weglinski","03/22/2019 03:25pm",0,0,0,0,0,0,0,0,,"x","x","x","","9739898928","973","989","8928","TX","254 Berkshire valley road ","D hanis","78850","United States of America",,,,,,,,,,,,"x",,,,,,,,,,,,,,,,,,,,,,,,,,,,,,,,,,,,
"5d3758bfa37d088ff2fa3478","05/24/2019 02:16pm","563739196","07/23/2019 11:58am","JF2SH6BC4AH766877",2010,"SUBARU","Forester",,"tryhlvnk@aol.com","Troy","Hlavinka","Troy Hlavinka","11/21/2018 07:25pm",0,0,0,0,0,0,0,0,,"x","x","x","","5035894350","503","589","4350","CA","Suite E, 2777 Alvarado Street","San Leandro","94577","United States of America",,,,,,,,,,,,"x",,,,,,,,,,,,,,,,,,,,,,,,,,,,,,,,,,,,
"5d3758bfa37d088ff2fa2e21","03/21/2019 05:19pm","842698410","03/21/2019 05:10pm","JF2SHBDC9BH732327",2011,"SUBARU","Forester",,"jstow04@gmail.com","Joshua","Stow","Joshua Stow","03/21/2019 05:11pm",0,0,0,0,0,0,0,0,,"x","x","x","","3364281050","336","428","1050","NC","1608 misty hollow road","Yadkinville","27055","United States of America",,"3364634470","336","463","4470",,,"3362446365","336","244","6365",,"x",,,,,,,,,,,,,,,,,,,,,,,,,,,,,,,,,,,
"5d3758bfa37d088ff2fa2e51","03/22/2019 10:30pm","845640647","03/22/2019 10:24pm","JF2SHADC2BH734124",2011,"SUBARU","Forester",,"adam@pigsty.com","Adam","Steinberg","Adam Steinberg","03/22/2019 10:25pm",0,0,0,0,0,0,0,0,,"x","x","x","","4152152985","415","215","2985","CA","663 11th Ave","San francisco","94118","United States of America",,"4155672899","415","567","2899",,,"4153910310","415","391","0310",,"x",,,,,,,,,,,,,,,,,,,,,,,,,,,,,,,,,,,
"5d3758bfa37d088ff2fa2f04","04/02/2019 01:38pm","561242759","07/23/2019 11:58am","JF2SHABC2BH744932",2011,"SUBARU","Forester",,"kghauser@earthlink.net","Kenneth","Imhauser","Kenneth Imhauser","11/20/2018 06:36pm",0,0,0,0,0,0,0,0,,"x","x","x","","9732926225","973","292","6225","NJ","5 Longridge Road","Randolph","7869","United States of America",,,,,,,,,,,,,"x",,,,,,,,,,,,,,,,,,,,,,,,,,,,,,,,,,,
"5d3758bfa37d088ff2fa2f05","04/02/2019 01:39pm","561242759","07/23/2019 11:58am","JF2SHABC2BH744932",2011,"SUBARU","Forester",,"kghauser@earthlink.net","Kenneth","Imhauser","Kenneth Imhauser","11/20/2018 06:36pm",0,0,0,0,0,0,0,0,,"x","x","x","","9732926225","973","292","6225","NJ","5 Longridge Road","Randolph","7869","United States of America",,,,,,,,,,,,,"x",,,,,,,,,,,,,,,,,,,,,,,,,,,,,,,,,,,
"5d3758bfa37d088ff2fa311c","04/26/2019 02:31pm","943359910","04/26/2019 02:10pm","JF2SHADC5BH741536",2011,"SUBARU","Forester",,"billkel@comcast.net","Kelly","Walsh","Kelly Walsh","04/26/2019 02:11pm",0,0,0,0,0,0,0,0,,"x","x","x","","4012868612","401","286","8612","MA","71 Blanding rd","Rehoboth","2769","United States of America",,,,,,,,,,,,,"x",,,,,,,,,,,,,,,,,,,,,,,,,,,,,,,,,,,
"5d3758bfa37d088ff2fa31b4","05/07/2019 07:39am","841632322","03/21/2019 09:55am","JF2SHBDCXBH739724",2011,"SUBARU","Forester",,"annacjen@yahoo.com","Anna","Matter","Anna Matter","05/07/2019 07:30am",0,0,0,0,0,0,0,0,,"x","x","x","","4153732386","415","373","2386","CA","Suite E, 2777 Alvarado Street","San Leandro","94577","United States of America",,,,,,,,,,,,,"x",,,,,,,,,,,,,,,,,,,,,,,,,,,,,,,,,,,
"5d3758bfa37d088ff2fa28f6","12/07/2018 07:37am","602636976","07/23/2019 11:58am","JF2SHADC8CH438493",2012,"SUBARU","Forester",,"obi_san@yahoo.com","Kimberly","Kunaniec","Kimberly Kunaniec","12/07/2018 08:29am",0,0,0,0,0,0,0,0,,"x","x","x","","4153732386","415","373","2386","CA","Suite E, 2777 Alvarado Street","San Leandro","94577","United States of America",,,,,,,,,,,,,,"x",,,,,,,,,,,,,,,,,,,,,,,,,,,,,,,,,,
"5d3758bfa37d088ff2fa2a26","01/30/2019 03:06pm","722425455","01/30/2019 02:54pm","JF2SHBEC2CH413853",2012,"SUBARU","Forester",,"gerdes.c22@gmail.com","Christine","Gerdes","Christine Gerdes","01/30/2019 02:57pm",0,0,0,0,0,0,0,0,,"x","x","x","","4153732386","415","373","2386","CA","Suite E, 2777 Alvarado Street","San Leandro","94577","United States of America",,,,,,,,,,,,,,"x",,,,,,,,,,,,,,,,,,,,,,,,,,,,,,,,,,
"5d3758bfa37d088ff2fa2b55","02/12/2019 10:51am","471088423","07/23/2019 11:58am","JF2SHABC5CH402859",2012,"SUBARU","Forester",,"dmedwards711@gmail.com","Dana","Edwards","Dana Edwards","10/15/2018 09:54am",0,0,0,0,0,0,0,0,,"x","x","x","","4845423081","484","542","3081","CA","Suite E, 2777 Alvarado Street","San Leandro","94577","United States of America",,,,,,,,,,,,,,"x",,,,,,,,,,,,,,,,,,,,,,,,,,,,,,,,,,
"5d3758bfa37d088ff2fa2b5f","02/12/2019 10:51am","471088423","07/23/2019 11:58am","JF2SHABC5CH402859",2012,"SUBARU","Forester",,"dmedwards711@gmail.com","Dana","Edwards","Dana Edwards","10/15/2018 09:54am",0,0,0,0,0,0,0,0,,"x","x","x","","4845423081","484","542","3081","CA","Suite E, 2777 Alvarado Street","San Leandro","94577","United States of America",,,,,,,,,,,,,,"x",,,,,,,,,,,,,,,,,,,,,,,,,,,,,,,,,,
"5d3758bfa37d088ff2fa2c85","02/26/2019 10:40am","492040240","07/23/2019 11:58am","JF2SHBFC1CH426687",2012,"SUBARU","Forester",,"fcclvici@cox.net","Lisa Ann","Haydel","Lisa Ann Haydel","10/24/2018 11:54am",0,0,0,0,0,0,0,0,,"x","x","x","","5043525277","504","352","5277","CA","Suite E, 2777 Alvarado Street","San Leandro","94577","United States of America",,"5042589363","504","258","9363",,,"5043520512","504","352","0512",,,"x",,,,,,,,,,,,,,,,,,,,,,,,,,,,,,,,,,
"5d3758bfa37d088ff2fa2e87","03/24/2019 12:06pm","850955652","03/24/2019 12:00pm","JF2SHBDC1CH426319",2012,"SUBARU","Forester",,"candace03mach@gmail.com","Candace","Lewis","Candace Lewis","03/24/2019 12:01pm",0,0,0,0,0,0,0,0,,"x","x","x","","4057402037","405","740","2037","OK","1316 SW 84th St","Oklahoma city","73159","United States of America",,"4057403012","405","740","3012",,,,,,,,,"x",,,,,,,,,,,,,,,,,,,,,,,,,,,,,,,,,,
"5d3758bfa37d088ff2fa2eab","03/25/2019 09:37am","853292848","03/25/2019 09:28am","JF2SHAEC1CH433120",2012,"SUBARU","Forester",,"masterthomas84@hotmail.com","Corey","Thomas","Corey Thomas","03/25/2019 09:31am",0,0,0,0,0,0,0,0,,"x","x","x","","5415567016","541","556","7016","OR","540 21st St","Springfield","97477","United States of America",,,,,,,,,,,,,,"x",,,,,,,,,,,,,,,,,,,,,,,,,,,,,,,,,,
"5d3758bfa37d088ff2fa3371","05/11/2019 03:31pm","719352532","01/29/2019 02:13pm","JF2SHADC4CH406446",2012,"SUBARU","Forester",,"med1assist@yahoo.com","Idajane","Morton","Idajane Morton","01/29/2019 02:15pm",0,0,0,0,0,0,0,0,,"x","x","x","","4153732386","415","373","2386","CA","Suite E, 2777 Alvarado Street","San Leandro","94577","United States of America",,,,,,,,,,,,,,"x",,,,,,,,,,,,,,,,,,,,,,,,,,,,,,,,,,
"5d3758bfa37d088ff2fa338c","05/11/2019 06:32pm","757593717","02/13/2019 10:19pm","JF2SHABC7CG416624",2012,"SUBARU","Forester",,"xgma@att.net","Adrienne","Richardson","Adrienne Richardson","02/13/2019 10:21pm",0,0,0,0,0,0,0,0,,"x","","","x","4153732386","415","373","2386","CA","Suite E, 2777 Alvarado Street","San Leandro","94577","United States of America",,,,,,,,,,,,,,"x",,,,,,,,,,,,,,,,,,,,,,,,,,,,,,,,,,
"5d3758bfa37d088ff2fa342f","05/14/2019 04:08pm","888421150","04/06/2019 05:02pm","JF2SHBEC3CH421606",2012,"SUBARU","Forester",,"katysadie@yahoo.com","Katherine Thornburg","Thornburg","Katherine Thornburg Thornburg","05/14/2019 04:03pm",0,0,0,0,0,0,0,0,,"x","x","x","","2316322921","231","632","2921","MI","4572 Springcress Lane ","Traverse City","49685","United States of America",,,,,,,,,,,,,,"x",,,,,,,,,,,,,,,,,,,,,,,,,,,,,,,,,,
"5d3758bfa37d088ff2fa2e43","03/22/2019 08:44am","844295050","03/22/2019 08:38am","JF2SHAAC3DH439945",2013,"SUBARU","Forester",,"tomdante58@yahoo.com","Thomas","Dante","Thomas Dante","03/22/2019 08:39am",0,0,0,0,0,0,0,0,,"x","x","x","","2814357100","281","435","7100","TX","6403 Westover St","Houston","77087","United States of America",,,,,,,,,,,,,,,"x",,,,,,,,,,,,,,,,,,,,,,,,,,,,,,,,,
"5d3758bfa37d088ff2fa3174","05/07/2019 03:50am","853594003","03/25/2019 11:15am","JF2SHACCXDH435310",2013,"SUBARU","Forester",,"stefani.nicole@gmail.com","Stefani","Rothermel","Stefani Rothermel","03/25/2019 11:17am",0,0,0,0,0,0,0,0,,"x","x","x","","2157044570","215","704","4570","PA","414 Franklin Street","Lansdale","19446","United States of America",,,,,,,,,,,,,,,"x",,,,,,,,,,,,,,,,,,,,,,,,,,,,,,,,,
"5d3758bfa37d088ff2fa3039","04/20/2019 04:39am","530732161","07/23/2019 11:58am","JF1GG29674G802948",2004,"SUBARU","Impreza",,"sideshow187@hotmail.com","Stephen","Pesta","Stephen Pesta","04/20/2019 04:16am",0,0,0,0,0,0,0,0,,"x","x","x","","5702390659","570","239","0659","PA","209 zbick rd","Shavertown","18708","United States of America",,"5708144479","570","814","4479",,,,,,,,,,,"x",,,,,,,,,,,,,,,,,,,,,,,,,,,,,,,,
"5d3758bfa37d088ff2fa3380","05/11/2019 05:12pm","373982411","07/23/2019 11:58am","JF1GG29604G801964",2004,"SUBARU","Impreza",,"kylenature710@yahoo.com","Kyle","Soares","Kyle Soares","08/28/2018 06:07pm",0,0,0,0,0,0,0,0,,"x","x","x","","5084930024","508","493","0024","MA","36 cook st","Fall river","02724","United States of America",,,,,,,,,,,,,,,,"x",,,,,,,,,,,,,,,,,,,,,,,,,,,,,,,,
"5d3758bfa37d088ff2fa3051","04/20/2019 10:42am","926256231","04/20/2019 10:30am","JF1GD70665L524412",2005,"SUBARU","Impreza",,"dscoobydoo@gmail.com","Drew","Rodman","Drew Rodman","04/20/2019 10:32am",0,0,0,0,0,0,0,0,,"x","x","x","","5097101922","509","710","1922","WA","1401 50th st se","Zcta 98092","98092","United States of America",,,,,,,,,,,,,,,,,"x",,,,,,,,,,,,,,,,,,,,,,,,,,,,,,,
"5d3758bfa37d088ff2fa33af","05/12/2019 05:47am","373980682","07/23/2019 11:58am","JF1GD67505H509009",2005,"SUBARU","Impreza",,"rnoahjacob@aol.com","Alan","Reed","Alan Reed","08/28/2018 07:59pm",0,0,0,0,0,0,0,0,,"x","x","x","","2078327545","207","832","7545","ME","33 pine ridge drive","Nobleboro","04555","United States of America",,"2077016393","207","701","6393",,,,,,,,,,,,"x",,,,,,,,,,,,,,,,,,,,,,,,,,,,,,,
"5d3758bfa37d088ff2fa33b0","05/12/2019 05:48am","373980682","07/23/2019 11:58am","JF1GD67505H509009",2005,"SUBARU","Impreza",,"rnoahjacob@aol.com","Alan","Reed","Alan Reed","08/28/2018 07:59pm",0,0,0,0,0,0,0,0,,"x","x","x","","2078327545","207","832","7545","ME","33 pine ridge drive","Nobleboro","04555","United States of America",,"2077016393","207","701","6393",,,,,,,,,,,,"x",,,,,,,,,,,,,,,,,,,,,,,,,,,,,,,
"5d3758bfa37d088ff2fa3400","05/13/2019 11:46am","601124228","07/23/2019 11:58am","JF1GD29685G518013",2005,"SUBARU","Impreza",,"java2036@gmail.com","John","Wysocki","John Wysocki","12/06/2018 06:08pm",0,0,0,0,0,0,0,0,,"x","x","x","","4153732386","415","373","2386","CA","Suite E, 2777 Alvarado Street","San Leandro","94577","United States of America",,,,,,,,,,,,,,,,,"x",,,,,,,,,,,,,,,,,,,,,,,,,,,,,,,
"5d3758bfa37d088ff2fa2a07","01/29/2019 11:34am","718972657","01/29/2019 11:29am","JF1GG67676H989723",2006,"SUBARU","Impreza",,"scubadew6@comcast.net","DENISE","Wisler","DENISE Wisler","01/29/2019 11:30am",0,0,0,0,0,0,0,0,,"x","x","x","","4153732386","415","373","2386","CA","Suite E, 2777 Alvarado Street","San Leandro","94577","United States of America",,,,,,,,,,,,,,,,,,"x",,,,,,,,,,,,,,,,,,,,,,,,,,,,,,
"5d3758bfa37d088ff2fa2eba","03/25/2019 02:45pm","854088148","03/25/2019 02:38pm","JF1GD79676G505252",2006,"SUBARU","Impreza",,"unifiedself@gmail.com","Han","Choi","Han Choi","03/25/2019 02:40pm",0,0,0,0,0,0,0,0,,"x","x","x","","7634397529","763","439","7529","MN","83 Mayhill Road North","Maplewood","55119","United States of America",,,,,,,,,,,,,,,,,,"x",,,,,,,,,,,,,,,,,,,,,,,,,,,,,,
"5d3758bfa37d088ff2fa2983","12/18/2018 05:14am","628060930","07/23/2019 11:58am","JF1GG63667H809906",2007,"SUBARU","Impreza",,"cjorgens81@gmail.com","Christine","Cardillo","Christine Cardillo","12/18/2018 06:05am",0,0,0,0,0,0,0,0,,"x","x","x","","8028255581","802","825","5581","CA","Suite E, 2777 Alvarado Street","San Leandro","94577","United States of America",,,,,,,,,,,,,,,,,,,"x",,,,,,,,,,,,,,,,,,,,,,,,,,,,,
"5d3758bfa37d088ff2fa2c88","02/26/2019 11:30am","786282059","02/26/2019 11:20am","JF1GG61687H806752",2007,"SUBARU","Impreza",,"nikkin@gmail.com","Nicole","Bowen","Nicole Bowen","02/26/2019 11:23am",0,0,0,0,0,0,0,0,,"x","x","x","","6108472588","610","847","2588","CA","Suite E, 2777 Alvarado Street","San Leandro","94577","United States of America",,"6108472598","610","847","2598",,,"2155343900","215","534","3900",,,,,,,,"x",,,,,,,,,,,,,,,,,,,,,,,,,,,,,
"5d3758bfa37d088ff2fa2c88","02/26/2019 11:30am","786282059","02/26/2019 11:20am","JF1GD61647H509941",2007,"SUBARU","Impreza",,"nikkin@gmail.com","Nicole","Bowen","Nicole Bowen","02/26/2019 11:23am",0,0,0,0,0,0,0,0,,"x","x","x","","6108472588","610","847","2588","CA","Suite E, 2777 Alvarado Street","San Leandro","94577","United States of America",,"6108472598","610","847","2598",,,"2155343900","215","534","3900",,,,,,,,"x",,,,,,,,,,,,,,,,,,,,,,,,,,,,,
"5d3758bfa37d088ff2fa2c89","02/26/2019 11:31am","786282059","02/26/2019 11:20am","JF1GG61687H806752",2007,"SUBARU","Impreza",,"nikkin@gmail.com","Nicole","Bowen","Nicole Bowen","02/26/2019 11:23am",0,0,0,0,0,0,0,0,,"x","x","x","","6108472588","610","847","2588","CA","Suite E, 2777 Alvarado Street","San Leandro","94577","United States of America",,"6108472598","610","847","2598",,,"2155343900","215","534","3900",,,,,,,,"x",,,,,,,,,,,,,,,,,,,,,,,,,,,,,
"5d3758bfa37d088ff2fa2c89","02/26/2019 11:31am","786282059","02/26/2019 11:20am","JF1GD61647H509941",2007,"SUBARU","Impreza",,"nikkin@gmail.com","Nicole","Bowen","Nicole Bowen","02/26/2019 11:23am",0,0,0,0,0,0,0,0,,"x","x","x","","6108472588","610","847","2588","CA","Suite E, 2777 Alvarado Street","San Leandro","94577","United States of America",,"6108472598","610","847","2598",,,"2155343900","215","534","3900",,,,,,,,"x",,,,,,,,,,,,,,,,,,,,,,,,,,,,,
"5d3758bfa37d088ff2fa2e8e","03/24/2019 05:45pm","851566931","03/24/2019 05:37pm","JF1GD77687L503702",2007,"SUBARU","Impreza",,"mark.norris1@live.com","Mark","Norris","Mark Norris","03/24/2019 05:39pm",0,0,0,0,0,0,0,0,,"x","x","x","","6187272041","618","727","2041","IL","449 pump house Rd","Murphysboro","62966","United States of America",,,,,,,,,,,,,,,,,,,"x",,,,,,,,,,,,,,,,,,,,,,,,,,,,,
"5d3758bfa37d088ff2fa3467","05/19/2019 03:31pm","922829230","04/19/2019 04:13am","JF1GD61637H519974",2007,"SUBARU","Impreza",,"paulm9108@yahoo.com","Paul","McKenzie","Paul McKenzie","04/19/2019 04:15am",0,0,0,0,0,0,0,0,,"x","x","x","","4153732386","415","373","2386","CA","Suite E, 2777 Alvarado Street","San Leandro","94577","United States of America",,,,,,,,,,,,,,,,,,,"x",,,,,,,,,,,,,,,,,,,,,,,,,,,,,
"5d3758bfa37d088ff2fa2fbc","04/17/2019 01:56pm","918587409","04/17/2019 01:50pm","JF1GE61628G515578",2008,"SUBARU","Impreza",,"byronroper@gmail.com","Byron","Roper","Byron Roper","04/17/2019 01:53pm",0,0,0,0,0,0,0,0,,"x","x","x","","8308225799","830","822","5799","TX","#1314 1101 N. Georgetown St.","Round Rock","94577","United States of America",,,,,,,,,,,,,,,,,,,,"x",,,,,,,,,,,,,,,,,,,,,,,,,,,,
"5d3758bfa37d088ff2fa2fec","04/18/2019 01:38pm","921474851","04/18/2019 01:22pm","JF1GE61698H500439",2008,"SUBARU","Impreza",,"karrie2357@gmail.com","Karrie","Ditmore","Karrie Ditmore","04/18/2019 01:24pm",0,0,0,0,0,0,0,0,,"x","x","x","","4153732386","415","373","2386","WV","7157 Kingwood pike","Reedsville","26547","United States of America",,,,,,,,,,,,,,,,,,,,"x",,,,,,,,,,,,,,,,,,,,,,,,,,,,
"5d3758bfa37d088ff2fa2ad0","02/04/2019 08:31am","611108679","07/23/2019 11:58am","JF1GE61669H515563",2009,"SUBARU","Impreza",,"meghanlord2@gmail.com","meghan","lord","meghan lord","12/11/2018 06:15am",0,0,0,0,0,0,0,0,,"x","x","x","","8606056325","860","605","6325","CA","Suite E, 2777 Alvarado Street","San Leandro","94577","United States of America",,"8608334001","860","833","4001",,,,,,,,,,,,,,,,"x",,,,,,,,,,,,,,,,,,,,,,,,,,,
"5d3758bfa37d088ff2fa2ec6","03/26/2019 09:26am","851165916","03/24/2019 01:43pm","JF1GH63619G815327",2009,"SUBARU","Impreza",,"tim_swanson85@yahoo.com","Timothy","Swanson","Timothy Swanson","03/24/2019 01:46pm",0,0,0,0,0,0,0,0,,"x","x","x","","7605493419","760","549","3419","WA","2885 Creasy Rd","Custer","98240","United States of America",,,,,,,,,,,,,,,,,,,,,"x",,,,,,,,,,,,,,,,,,,,,,,,,,,
"5d3758bfa37d088ff2fa33a9","05/12/2019 00:04am","925550953","04/20/2019 05:11am","JF1GH63609H815703",2009,"SUBARU","Impreza",,"smojsov@hotmail.com","Steven","Mojsovski","Steven Mojsovski","04/20/2019 05:13am",0,0,0,0,0,0,0,0,,"x","x","x","","5857759090","585","775","9090","NY","16 Colonist Ln","Westgate","14624","United States of America",,"5852933201","585","293","3201",,,,,,,,,,,,,,,,"x",,,,,,,,,,,,,,,,,,,,,,,,,,,
"5d3758bfa37d088ff2fa2a6d","02/02/2019 02:38pm","729483143","02/02/2019 02:31pm","JF1GH6A67AH817214",2010,"SUBARU","Impreza",,"wilkyway79@yahoo.com","Lisa","Wilkerson-Willis","Lisa Wilkerson-Willis","02/02/2019 02:32pm",0,0,0,0,0,0,0,0,,"x","x","x","","9092312356","909","231","2356","CA","Suite E, 2777 Alvarado Street","San Leandro","94577","United States of America",,"9512137604","951","213","7604",,,,,,,,,,,,,,,,,"x",,,,,,,,,,,,,,,,,,,,,,,,,,
"5d3758bfa37d088ff2fa2d41","03/08/2019 12:09pm","751143312","02/11/2019 08:33pm","JF1GH6B68AH828169",2010,"SUBARU","Impreza",,"jenny.kittle@gmail.com","Jennifer","Kittle","Jennifer Kittle","02/11/2019 08:33pm",0,0,0,0,0,0,0,0,,"x","x","x","","4153732386","415","373","2386","CA","Suite E, 2777 Alvarado Street","San Leandro","94577","United States of America",,,,,,,,,,,,,,,,,,,,,,"x",,,,,,,,,,,,,,,,,,,,,,,,,,
"5d3758bfa37d088ff2fa2ea3","03/25/2019 07:41am","852959528","03/25/2019 07:34am","JF1GH6D61AH816877",2010,"SUBARU","Impreza",,"mbdevitt@gmail.com","Michael","Devitt","Michael Devitt","03/25/2019 07:35am",0,0,0,0,0,0,0,0,,"x","x","x","","4153732386","415","373","2386","VT","149 Lyman Ave","Burlington","05401","United States of America",,,,,,,,,,,,,,,,,,,,,,"x",,,,,,,,,,,,,,,,,,,,,,,,,,
"5d3758bfa37d088ff2fa2ea4","03/25/2019 07:42am","852959528","03/25/2019 07:34am","JF1GH6D61AH816877",2010,"SUBARU","Impreza",,"mbdevitt@gmail.com","Michael","Devitt","Michael Devitt","03/25/2019 07:35am",0,0,0,0,0,0,0,0,,"x","x","x","","4153732386","415","373","2386","VT","149 Lyman Ave","Burlington","05401","United States of America",,,,,,,,,,,,,,,,,,,,,,"x",,,,,,,,,,,,,,,,,,,,,,,,,,
"5d3758bfa37d088ff2fa3435","05/14/2019 09:03pm","758324937","02/14/2019 05:37am","JF1GH6D67AG820471",2010,"SUBARU","Impreza",,"d.vontesmar@aol.com","David S.","VonTesmar","David S. VonTesmar","02/14/2019 05:40am",0,0,0,0,0,0,0,0,,"x","x","x","","9282462136","928","246","2136","TX","915 Hal McLain Rd","Manvel","77578","United States of America",,"2812225871","281","222","5871",,,,,,,,,,,,,,,,,"x",,,,,,,,,,,,,,,,,,,,,,,,,,
"5d3758bfa37d088ff2fa2b65","02/12/2019 01:04pm","753802447","02/12/2019 12:50pm","JF1GV7E69BG507713",2011,"SUBARU","Impreza",,"jaminlogic@yahoo.com","Stevie","Jamin","Stevie Jamin","02/12/2019 12:51pm",0,0,0,0,0,0,0,0,,"x","","","x","8156089595","815","608","9595","CA","Suite E, 2777 Alvarado Street","San Leandro","94577","United States of America",,,,,,,,,,,,,,,,,,,,,,,"x",,,,,,,,,,,,,,,,,,,,,,,,,
"5d3758bfa37d088ff2fa2faf","04/17/2019 09:16am","917746303","04/17/2019 09:08am","JF1GH6B65BH818040",2011,"SUBARU","Impreza",,"raider1988@msn.com","James","Smith","James Smith","04/17/2019 09:11am",0,0,0,0,0,0,0,0,,"x","x","x","","3306716051","330","671","6051","FL","849 Ballard St Apt E","Altamonte spring","32701","United States of America",,"3302559768","330","255","9768",,,,,,,,,,,,,,,,,,"x",,,,,,,,,,,,,,,,,,,,,,,,,
"5d3758bfa37d088ff2fa284e","11/12/2018 01:29pm","538334014","07/23/2019 11:58am","4S3BH896937653364",2003,"SUBARU","Legacy",,"davidkhealy@gmail.com","David","Healy","David Healy","11/12/2018 02:29pm",0,0,0,0,0,0,0,0,,"x","x","x","","4153732386","415","373","2386","CA","Suite E, 2777 Alvarado Street","San Leandro","94577","United States of America",,,,,,,,,,,,,,,,,,,,,,,,"x",,,,,,,,,,,,,,,,,,,,,,,,
"5d3758bfa37d088ff2fa2a68","02/02/2019 12:36pm","729333407","02/02/2019 12:21pm","4S3BE896037200873",2003,"SUBARU","Legacy",,"karlenehobbs@hotmail.com","Karlene","Hobbs","Karlene Hobbs","02/02/2019 12:23pm",0,0,0,0,0,0,0,0,,"x","x","x","","3039064546","303","906","4546","CO","7887 York Street #1","Thornton","80229.0","United States of America",,"3039538722","303","953","8722",,,,,,,,,,,,,,,,,,,"x",,,,,,,,,,,,,,,,,,,,,,,,
"5d3758bfa37d088ff2fa2b55","02/12/2019 10:51am","471088423","07/23/2019 11:58am","4S3BE635937214601",2003,"SUBARU","Legacy",,"dmedwards711@gmail.com","Dana","Edwards","Dana Edwards","10/15/2018 09:54am",0,0,0,0,0,0,0,0,,"x","x","x","","4845423081","484","542","3081","CA","Suite E, 2777 Alvarado Street","San Leandro","94577","United States of America",,,,,,,,,,,,,,,,,,,,,,,,"x",,,,,,,,,,,,,,,,,,,,,,,,
"5d3758bfa37d088ff2fa2b5f","02/12/2019 10:51am","471088423","07/23/2019 11:58am","4S3BE635937214601",2003,"SUBARU","Legacy",,"dmedwards711@gmail.com","Dana","Edwards","Dana Edwards","10/15/2018 09:54am",0,0,0,0,0,0,0,0,,"x","x","x","","4845423081","484","542","3081","CA","Suite E, 2777 Alvarado Street","San Leandro","94577","United States of America",,,,,,,,,,,,,,,,,,,,,,,,"x",,,,,,,,,,,,,,,,,,,,,,,,
"5d3758bfa37d088ff2fa2c8b","02/26/2019 04:53pm","786755733","02/26/2019 02:31pm","4S3BH806937603738",2003,"SUBARU","Legacy",,"mrbill3@gmail.com","William","Keating","William Keating","02/26/2019 02:32pm",0,0,0,0,0,0,0,0,,"x","","","x","4153732386","415","373","2386","CA","Suite E, 2777 Alvarado Street","San Leandro","94577","United States of America",,,,,,,,,,,,,,,,,,,,,,,,"x",,,,,,,,,,,,,,,,,,,,,,,,
"5d3758bfa37d088ff2fa2d76","03/12/2019 09:11pm","644703392","07/23/2019 11:58am","4S3BH675237607213",2003,"SUBARU","Legacy",,"j@stny.rr.com","John","coccia","John coccia","12/25/2018 07:12pm",0,0,0,0,0,0,0,0,,"x","x","x","","6076255357","607","625","5357","CA","Suite E, 2777 Alvarado Street","San Leandro","94577","United States of America",,"6079721444","607","972","1444",,,,,,,,,,,,,,,,,,,"x",,,,,,,,,,,,,,,,,,,,,,,,
"5d3758bfa37d088ff2fa2f2b","04/05/2019 09:59am","527257810","07/23/2019 11:58am","4S3BH806637617547",2003,"SUBARU","Legacy",,"lisamariebrown66@gmail.com","Lisa Marie","Brown","Lisa Marie Brown","11/08/2018 07:35am",0,0,0,0,0,0,0,0,,"x","x","x","","5033924262","503","392","4262","OR","16505 Mt Hebo Rd Box212","Hebo","97122","United States of America",,"5038120081","503","812","0081",,,,,,,,,,,,,,,,,,,"x",,,,,,,,,,,,,,,,,,,,,,,,
"5d3758bfa37d088ff2fa304e","04/20/2019 10:32am","926240706","04/20/2019 10:24am","4S3BH635637310581",2003,"SUBARU","Legacy",,"heathhart@gmail.com","Heather","hartshorn","Heather hartshorn","04/20/2019 10:25am",0,0,0,0,0,0,0,0,,"x","x","x","","6173068261","617","306","8261","MA","62 Farmcrest ave","Zcta 02421","2421","United States of America",,,,,,,,,,,,,,,,,,,,,,,,"x",,,,,,,,,,,,,,,,,,,,,,,,
"5d3758bfa37d088ff2fa3192","05/07/2019 05:50am","843804402","03/22/2019 05:39am","4S3BH806937639431",2003,"SUBARU","Legacy",,"alvysyngr@gmail.com","Mark","Jeacoma","Mark Jeacoma","03/22/2019 05:39am",0,0,0,0,0,0,0,0,,"x","x","x","","5167707726","516","770","7726","NY","384 Hewlett Pkwy","Hewlett","11557","United States of America",,"5163082397","516","308","2397",,,,,,,,,,,,,,,,,,,"x",,,,,,,,,,,,,,,,,,,,,,,,
"5d3758bfa37d088ff2fa3203","05/07/2019 09:29pm","944064504","04/26/2019 11:01pm","4S3BH686136614182",2003,"SUBARU","Legacy",,"japasi@bex.net","Jann","Siwa","Jann Siwa","05/07/2019 09:21pm",0,0,0,0,0,0,0,0,,"x","x","x","","4153732386","415","373","2386","CA","Suite E, 2777 Alvarado Street","San Leandro","94577","United States of America",,,,,,,,,,,,,,,,,,,,,,,,"x",,,,,,,,,,,,,,,,,,,,,,,,
"5d3758bfa37d088ff2fa268e","10/15/2018 03:38am","470457878","07/23/2019 11:58am","4S3BE625047201254",2004,"SUBARU","Legacy",,"suejones21857@gmail.com","Susan","Jones","Susan Jones","10/15/2018 03:38am",0,0,0,0,0,0,0,0,,"x","x","x","","4153732386","415","373","2386","CA","Suite E, 2777 Alvarado Street","San Leandro","94577","United States of America",,,,,,,,,,,,,,,,,,,,,,,,,"x",,,,,,,,,,,,,,,,,,,,,,,
"5d3758bfa37d088ff2fa2905","12/08/2018 08:43am","605016955","07/23/2019 11:58am","4S3BH675X47621653",2004,"SUBARU","Legacy",,"nade@gorge.net","Sylvia","Gould","Sylvia Gould","12/08/2018 09:36am",0,0,0,0,0,0,0,0,,"x","x","x","","5093652901","509","365","2901","CA","Suite E, 2777 Alvarado Street","San Leandro","94577","United States of America",,,,,,,,,,,,,,,,,,,,,,,,,"x",,,,,,,,,,,,,,,,,,,,,,,
"5d3758bfa37d088ff2fa294d","12/14/2018 02:37pm","619762795","07/23/2019 11:58am","4S3BH896747617819",2004,"SUBARU","Legacy",,"mtladylake@gmail.com","Ju-Lin","Siple","Ju-Lin Siple","12/14/2018 03:00pm",0,0,0,0,0,0,0,0,,"x","x","x","","4062502930","406","250","2930","CA","Suite E, 2777 Alvarado Street","San Leandro","94577","United States of America",,,,,,,,,,,,,,,,,,,,,,,,,"x",,,,,,,,,,,,,,,,,,,,,,,
"5d3758bfa37d088ff2fa2b81","02/13/2019 12:14pm","756506005","02/13/2019 11:24am","4S3BH625X47303443",2004,"SUBARU","Legacy",,"happywoman57@gmail.com","Christine","Speight","Christine Speight","02/13/2019 11:38am",0,0,0,0,0,0,0,0,,"x","x","x","","3523510848","352","351","0848","CA","Suite E, 2777 Alvarado Street","San Leandro","94577","United States of America",,,,,,,,,,,,,,,,,,,,,,,,,"x",,,,,,,,,,,,,,,,,,,,,,,
"5d3758bfa37d088ff2fa2bf3","02/17/2019 08:19am","763921807","02/16/2019 03:03pm","4S3BH675847606357",2004,"SUBARU","Legacy",,"marquetteharlowe@gmail.com","Rachel","Bennett","Rachel Bennett","02/16/2019 03:03pm",0,0,0,0,0,0,0,0,,"x","x","x","","4153732386","415","373","2386","CA","Suite E, 2777 Alvarado Street","San Leandro","94577","United States of America",,,,,,,,,,,,,,,,,,,,,,,,,"x",,,,,,,,,,,,,,,,,,,,,,,
"5d3758bfa37d088ff2fa2ce3","03/03/2019 11:55pm","797531652","03/03/2019 11:48pm","4S3BH675247645199",2004,"SUBARU","Legacy",,"akfeesha@gmail.com","Felicia","Woods","Felicia Woods","03/03/2019 11:49pm",0,0,0,0,0,0,0,0,,"x","x","x","","9072021861","907","202","1861","CA","Suite E, 2777 Alvarado Street","San Leandro","94577","United States of America",,,,,,,,,,,,,,,,,,,,,,,,,"x",,,,,,,,,,,,,,,,,,,,,,,
"5d3758bfa37d088ff2fa2f0c","04/03/2019 09:22am","544108515","07/23/2019 11:58am","4S3BH675947633031",2004,"SUBARU","Legacy",,"kathy.perrin@hotmail.com","Kathy","Perrin","Kathy Perrin","11/14/2018 11:10am",0,0,0,0,0,0,0,0,,"x","x","x","","2533043418","253","304","3418","AZ","9213 W Serrano St","Phoenix","85037","United States of America",,,,,,,,,,,,,,,,,,,,,,,,,"x",,,,,,,,,,,,,,,,,,,,,,,
"5d3758bfa37d088ff2fa33a1","05/11/2019 09:23pm","972583959","05/07/2019 12:34pm","4S3BH675247621324",2004,"SUBARU","Legacy",,"jmjohnson3@yahoo.com","Jessica","Johnson","Jessica Johnson","05/07/2019 12:35pm",0,0,0,0,0,0,0,0,,"x","x","x","","4153732386","415","373","2386","CA","Suite E, 2777 Alvarado Street","San Leandro","94577","United States of America",,,,,,,,,,,,,,,,,,,,,,,,,"x",,,,,,,,,,,,,,,,,,,,,,,
"5d3758bfa37d088ff2fa3442","05/15/2019 01:50pm","479247237","07/23/2019 11:58am","4S3BE625147208360",2004,"SUBARU","Legacy",,"hoppertoad@frontiernet.net","Patricia","Hopper","Patricia Hopper","10/18/2018 04:05pm",0,0,0,0,0,0,0,0,"gas to and from","x","x","x","","4153732386","415","373","2386","CA","Suite E, 2777 Alvarado Street","San Leandro","94577","United States of America",,,,,,,,,,,,,,,,,,,,,,,,,"x",,,,,,,,,,,,,,,,,,,,,,,
"5d3758bfa37d088ff2fa28b7","11/28/2018 03:52pm","580460358","07/23/2019 11:58am","4S3BL6265",2005,"SUBARU","Legacy",,"denaleo7803@yahoo.com","Dena","Reynolds","Dena Reynolds","11/28/2018 02:37pm",0,0,0,0,0,0,0,0,,"x","x","x","","4153732386","415","373","2386","CA","Suite E, 2777 Alvarado Street","San Leandro","94577","United States of America",,,,,,,,,,,,,,,,,,,,,,,,,,"x",,,,,,,,,,,,,,,,,,,,,,
"5d3758bfa37d088ff2fa33e1","05/12/2019 07:12pm","935523129","04/23/2019 06:39pm","4S3BL686454207017",2005,"SUBARU","Legacy",,"mcnulty042410@gmail.com","Catherine","McNulty","Catherine McNulty","04/23/2019 06:39pm",0,0,0,0,0,0,0,0,,"x","x","x","","4153732386","415","373","2386","CA","Suite E, 2777 Alvarado Street","San Leandro","94577","United States of America",,,,,,,,,,,,,,,,,,,,,,,,,,"x",,,,,,,,,,,,,,,,,,,,,,
"5d3758bfa37d088ff2fa2e93","03/24/2019 08:21pm","845520709","03/22/2019 08:19pm","4S3BL676966201849",2006,"SUBARU","Legacy",,"paddockd77@gmail.com","Devin","Paddock","Devin Paddock","03/22/2019 08:20pm",0,0,0,0,0,0,0,0,,"x","x","x","","2055327516","205","532","7516","CA","Suite E, 2777 Alvarado Street","San Leandro","94577","United States of America",,"3108037588","310","803","7588",,,"3104083776","310","408","3776",,,,,,,,,,,,,,,,"x",,,,,,,,,,,,,,,,,,,,,
"5d3758bfa37d088ff2fa27e3","11/07/2018 05:50am","524299291","07/23/2019 11:58am","4S3BL626087219791",2008,"SUBARU","Legacy",,"cnyhiker@gmail.com","Michael","Kowalski","Michael Kowalski","11/07/2018 06:50am",0,0,0,0,0,0,0,0,,"x","x","x","","6109558508","610","955","8508","CA","Suite E, 2777 Alvarado Street","San Leandro","94577","United States of America",,,,,,,,,,,,,,,,,,,,,,,,,,,,"x",,,,,,,,,,,,,,,,,,,,
"5d3758bfa37d088ff2fa2bb6","02/14/2019 05:09pm","759801902","02/14/2019 04:59pm","4S3BL616887210659",2008,"SUBARU","Legacy",,"beconover@yahoo.com","Beth","Marsh","Beth Marsh","02/14/2019 05:04pm",0,0,0,0,0,0,0,0,,"x","x","x","","8595520934","859","552","0934","CA","Suite E, 2777 Alvarado Street","San Leandro","94577","United States of America",,"8592811385","859","281","1385",,,,,,,,,,,,,,,,,,,,,,,"x",,,,,,,,,,,,,,,,,,,,
"5d3758bfa37d088ff2fa3106","04/25/2019 07:49am","939755735","04/25/2019 07:42am","4S3BL676X84220666",2008,"SUBARU","Legacy",,"iammightythor@gmail.com","Kyle","Thorsen","Kyle Thorsen","04/25/2019 07:43am",0,0,0,0,0,0,0,0,,"x","x","x","","8019165302","801","916","5302","UT","404 W Kit Fox Dr","Saratoga Springs","84045","United States of America",,"8016749377","801","674","9377",,,"8018824474","801","882","4474",,,,,,,,,,,,,,,,,"x",,,,,,,,,,,,,,,,,,,,
"5d3758bfa37d088ff2fa2999","12/19/2018 03:16pm","631983334","07/23/2019 11:58am","4S3BL616496214571",2009,"SUBARU","Legacy",,"blasianliz@gmail.com","Sarah","Yarbrough","Sarah Yarbrough","12/19/2018 04:05pm",0,0,0,0,0,0,0,0,,"x","x","x","","8083484350","808","348","4350","CA","Suite E, 2777 Alvarado Street","San Leandro","94577","United States of America",,"8087801133","808","780","1133",,,,,,,,,,,,,,,,,,,,,,,,"x",,,,,,,,,,,,,,,,,,,
"5d3758bfa37d088ff2fa2cbe","03/01/2019 04:49pm","793712248","03/01/2019 04:40pm","4S3BL616297217849",2009,"SUBARU","Legacy",,"dim.nel@gmail.com","Dzmitry","Nelipovich","Dzmitry Nelipovich","03/01/2019 04:42pm",0,0,0,0,0,0,0,0,,"x","x","x","","6464644614","646","464","4614","CA","Suite E, 2777 Alvarado Street","San Leandro","94577","United States of America",,,,,,,,,,,,,,,,,,,,,,,,,,,,,"x",,,,,,,,,,,,,,,,,,,
"5d3758bfa37d088ff2fa31d9","05/07/2019 10:51am","600922142","07/23/2019 11:58am","4S3BL616997215158",2009,"SUBARU","Legacy",,"jamiefife@icloud.com","Jamie","Fife","Jamie Fife","12/06/2018 03:49pm",0,0,0,0,0,0,0,0,,"x","x","x","","6514085969","651","408","5969","SD","44773 US Highway 212","Watertown","57201","United States of America",,"6123216667","612","321","6667",,,"6123216339","612","321","6339",,,,,,,,,,,,,,,,,,"x",,,,,,,,,,,,,,,,,,,
"5d3758bfa37d088ff2fa33b4","05/12/2019 06:42am","842463320","03/21/2019 03:12pm","4S3BL616396217820",2009,"SUBARU","Legacy",,"jake710@icloud.com","Jacob","Wooding","Jacob Wooding","03/21/2019 03:13pm",0,0,0,0,0,0,0,0,,"x","x","x","","4153732386","415","373","2386","CA","Suite E, 2777 Alvarado Street","San Leandro","94577","United States of America",,,,,,,,,,,,,,,,,,,,,,,,,,,,,"x",,,,,,,,,,,,,,,,,,,
"5d3758bfa37d088ff2fa2d12","03/06/2019 09:17am","803079745","03/06/2019 09:09am","4S3BMCC6XA3210748",2010,"SUBARU","Legacy",,"gabriel.p.mcmahon@gmail.com","Gabriel","McMahon","Gabriel McMahon","03/06/2019 09:14am",0,0,0,0,0,0,0,0,,"x","x","x","","4072094451","407","209","4451","CA","Suite E, 2777 Alvarado Street","San Leandro","94577","United States of America",,,,,,,,,,,,,,,,,,,,,,,,,,,,,,"x",,,,,,,,,,,,,,,,,,
"5d3758bfa37d088ff2fa2dad","03/20/2019 06:14am","837824046","03/20/2019 05:54am","4S3BMBC68A3223489",2010,"SUBARU","Legacy",,"aphil33@yahoo.com","Paula","Phillips","Paula Phillips","03/20/2019 05:56am",0,0,0,0,0,0,0,0,,"x","x","x","","4109201243","410","920","1243","NC","400 WHEAT FIELD DRIVE","Mount holly","28120","United States of America",,"4109201194","410","920","1194",,,"4109201077","410","920","1077",,,,,,,,,,,,,,,,,,,"x",,,,,,,,,,,,,,,,,,
"5d3758bfa37d088ff2fa2e8c","03/24/2019 02:25pm","851227309","03/24/2019 02:15pm","4S3BMFK65A1213040",2010,"SUBARU","Legacy",,"jermalli89.ja@gmail.com","Jeremy","Allison","Jeremy Allison","03/24/2019 02:19pm",0,0,0,0,0,0,0,0,,"x","x","x","","7203231909","720","323","1909","CO","9758 Laredo Street #36B","Commerce city","80022","United States of America",,,,,,,,,,,,,,,,,,,,,,,,,,,,,,"x",,,,,,,,,,,,,,,,,,
"5d3758bfa37d088ff2fa2f62","04/09/2019 07:47am","895040938","04/09/2019 07:31am","4S3BMBA61A3237186",2010,"SUBARU","Legacy",,"bloodrosered88@yahoo.com","Heather","Branson","Heather Branson","04/09/2019 07:32am",0,0,0,0,0,0,0,0,,"x","x","x","","9168800045","916","880","0045","FL","719 Sunken Meadow ln","Jacksonville","32218","United States of America",,,,,,,,,,,,,,,,,,,,,,,,,,,,,,"x",,,,,,,,,,,,,,,,,,
"5d3758bfa37d088ff2fa32e1","05/10/2019 05:49pm","842280625","03/21/2019 02:00pm","4S3BMBG60A3226350",2010,"SUBARU","Legacy",,"kyla1098@aol.com","Kyla","Webb","Kyla Webb","03/21/2019 02:02pm",0,0,0,0,0,0,0,0,,"x","x","x","","3044761516","304","476","1516","WV","165 Circle Dr","Monongah","26554","United States of America",,"3045922149","304","592","2149",,,"3045928190","304","592","8190",,,,,,,,,,,,,,,,,,,"x",,,,,,,,,,,,,,,,,,
"5d3758bfa37d088ff2fa295f","12/15/2018 06:00pm","622127656","07/23/2019 11:58am","4S3BMBK67B32144294",2011,"SUBARU","Legacy",,"cbmb0104@gmail.com","Melissa","Cheesman","Melissa Cheesman","12/15/2018 06:54pm",0,0,0,0,0,0,0,0,,"x","x","x","","2566339608","256","633","9608","CA","Suite E, 2777 Alvarado Street","San Leandro","94577","United States of America",,,,,,,,,,,,,,,,,,,,,,,,,,,,,,,"x",,,,,,,,,,,,,,,,,
"5d3758bfa37d088ff2fa298b","12/18/2018 03:09pm","629198333","07/23/2019 11:58am","4S3BMBC69B3259211",2011,"SUBARU","Legacy",,"alambert004@yahoo.com","Aneeka","Lambert","Aneeka Lambert","12/18/2018 03:48pm",0,0,0,0,0,0,0,0,,"x","x","x","","2035896599","203","589","6599","CA","Suite E, 2777 Alvarado Street","San Leandro","94577","United States of America",,,,,,,,,,,,,,,,,,,,,,,,,,,,,,,"x",,,,,,,,,,,,,,,,,
"5d3758bfa37d088ff2fa298c","12/18/2018 03:19pm","629198333","07/23/2019 11:58am","4S3BMBC69B3259211",2011,"SUBARU","Legacy",,"alambert004@yahoo.com","Aneeka","Lambert","Aneeka Lambert","12/18/2018 03:48pm",0,0,0,0,0,0,0,0,,"x","x","x","","2035896599","203","589","6599","CA","Suite E, 2777 Alvarado Street","San Leandro","94577","United States of America",,,,,,,,,,,,,,,,,,,,,,,,,,,,,,,"x",,,,,,,,,,,,,,,,,
"5d3758bfa37d088ff2fa298d","12/18/2018 03:21pm","629198333","07/23/2019 11:58am","4S3BMBC69B3259211",2011,"SUBARU","Legacy",,"alambert004@yahoo.com","Aneeka","Lambert","Aneeka Lambert","12/18/2018 03:48pm",0,0,0,0,0,0,0,0,,"x","x","x","","2035896599","203","589","6599","CA","Suite E, 2777 Alvarado Street","San Leandro","94577","United States of America",,,,,,,,,,,,,,,,,,,,,,,,,,,,,,,"x",,,,,,,,,,,,,,,,,
"5d3758bfa37d088ff2fa2b17","02/08/2019 01:38pm","714961121","01/28/2019 03:22am","4S3BMBA62B3262986",2011,"SUBARU","Legacy",,"brofonz@yahoo.com","Alfonso","Robles","Alfonso Robles","01/28/2019 03:22am",0,0,0,0,0,0,0,0,,"x","x","x","","6099336168","609","933","6168","CA","19 Middleton drive ","Hamilton ","8620.0","United States of America",,,,,,,,,,,,,,,,,,,,,,,,,,,,,,,"x",,,,,,,,,,,,,,,,,
"5d3758bfa37d088ff2fa2c55","02/24/2019 04:34pm","781636943","02/24/2019 04:22pm","4S3BMDC68B2238867",2011,"SUBARU","Legacy",,"yockeytom3825@gmail.com","Thomas","Yockey","Thomas Yockey","02/24/2019 04:25pm",0,0,0,0,0,0,0,0,,"x","x","x","","4128415067","412","841","5067","CA","Suite E, 2777 Alvarado Street","San Leandro","94577","United States of America",,,,,,,,,,,,,,,,,,,,,,,,,,,,,,,"x",,,,,,,,,,,,,,,,,
"5d3758bfa37d088ff2fa2fec","04/18/2019 01:38pm","921474851","04/18/2019 01:22pm","4S3BMBC64B3235902",2011,"SUBARU","Legacy",,"karrie2357@gmail.com","Karrie","Ditmore","Karrie Ditmore","04/18/2019 01:24pm",0,0,0,0,0,0,0,0,,"x","x","x","","4153732386","415","373","2386","WV","7157 Kingwood pike","Reedsville","26547","United States of America",,,,,,,,,,,,,,,,,,,,,,,,,,,,,,,"x",,,,,,,,,,,,,,,,,
"5d3758bfa37d088ff2fa2bb4","02/14/2019 04:13pm","759721049","02/14/2019 04:03pm","4S3BMBK64C3023407",2012,"SUBARU","Legacy",,"westley.tucker@gmail.com","Westley","Tucker","Westley Tucker","02/14/2019 04:04pm",0,0,0,0,0,0,0,0,,"x","x","x","","2077302777","207","730","2777","CA","Suite E, 2777 Alvarado Street","San Leandro","94577","United States of America",,,,,,,,,,,,,,,,,,,,,,,,,,,,,,,,"x",,,,,,,,,,,,,,,,
"5d3758bfa37d088ff2fa2c82","02/26/2019 06:59am","785307642","02/26/2019 05:14am","4S3BMDK63C2021312",2012,"SUBARU","Legacy",,"volta88@gmail.com","Colleen","Burke","Colleen Burke","02/26/2019 05:20am",0,0,0,0,0,0,0,0,,"x","x","x","","7033329654","703","332","9654","CA","Suite E, 2777 Alvarado Street","San Leandro","94577","United States of America",,,,,,,,,,,,,,,,,,,,,,,,,,,,,,,,"x",,,,,,,,,,,,,,,,
"5d3758bfa37d088ff2fa2d93","03/19/2019 07:02pm","836703636","03/19/2019 06:52pm","4S3BMBA67C3032152",2012,"SUBARU","Legacy",,"tcollras@yahoo.com","Todd","Collras","Todd Collras","03/19/2019 06:54pm",0,0,0,0,0,0,0,0,,"x","x","x","","4153732386","415","373","2386","CA","6943 Aura Ave","Reseda","91335","United States of America",,,,,,,,,,,,,,,,,,,,,,,,,,,,,,,,"x",,,,,,,,,,,,,,,,
"5d3758bfa37d088ff2fa2e1e","03/21/2019 04:19pm","842588323","03/21/2019 04:08pm","4S3BMCP69D3005596",2013,"SUBARU","Legacy",,"wags391@gmail.com","Jason","Wagner","Jason Wagner","03/21/2019 04:10pm",0,0,0,0,0,0,0,0,,"x","x","x","","7865668725","786","566","8725","TX","4200 Horizon North Parkway, #1036","Dallas","75287","United States of America",,,,,,,,,,,,,,,,,,,,,,,,,,,,,,,,,"x",,,,,,,,,,,,,,,
"5d3758bfa37d088ff2fa2e87","03/24/2019 12:06pm","850955652","03/24/2019 12:00pm","4S3BMCG6XD3024559",2013,"SUBARU","Legacy",,"candace03mach@gmail.com","Candace","Lewis","Candace Lewis","03/24/2019 12:01pm",0,0,0,0,0,0,0,0,,"x","x","x","","4057402037","405","740","2037","OK","1316 SW 84th St","Oklahoma city","73159","United States of America",,"4057403012","405","740","3012",,,,,,,,,,,,,,,,,,,,,,,,,,,,"x",,,,,,,,,,,,,,,
"5d3758bfa37d088ff2fa3109","04/25/2019 10:47am","940088046","04/25/2019 09:57am","4S3BMCC6XD3028567",2013,"SUBARU","Legacy",,"mrtimothystone@yahoo.com","TIMOTHY","STONE","TIMOTHY STONE","04/25/2019 10:41am",0,0,0,0,0,0,0,0,,"x","x","x","","2145049232","214","504","9232","TX","8502 Lanners Dr","McKinney","75072","United States of America",,"4696674664","469","667","4664",,,"4695006084","469","500","6084",,,,,,,,,,,,,,,,,,,,,,"x",,,,,,,,,,,,,,,
"5d3758bfa37d088ff2fa310a","04/25/2019 10:52am","940088046","04/25/2019 09:57am","4S3BMCC6XD3028567",2013,"SUBARU","Legacy",,"mrtimothystone@yahoo.com","TIMOTHY","STONE","TIMOTHY STONE","04/25/2019 10:41am",0,0,0,0,0,0,0,0,,"x","x","x","","2145049232","214","504","9232","TX","8502 Lanners Dr","McKinney","75072","United States of America",,"4696674664","469","667","4664",,,"4695006084","469","500","6084",,,,,,,,,,,,,,,,,,,,,,"x",,,,,,,,,,,,,,,
"5d3758bfa37d088ff2fa3271","05/10/2019 09:02am","840648251","03/21/2019 04:21am","4S3BMCP64D3017381",2013,"SUBARU","Legacy",,"dogmaxine@yahoo.com","Carrie","Powers","Carrie Powers","03/21/2019 04:22am",0,0,0,0,0,0,0,0,,"x","x","x","","3035969287","303","596","9287","CA","7280 Ketch place ","Bradenton ","34212","United States of America",,"5088866570","508","886","6570",,,"9723552121","972","355","2121",,,,,,,,,,,,,,,,,,,,,,"x",,,,,,,,,,,,,,,
"5d3758bfa37d088ff2fa3273","05/10/2019 09:04am","840648251","03/21/2019 04:21am","4S3BMCP64D3017381",2013,"SUBARU","Legacy",,"dogmaxine@yahoo.com","Carrie","Powers","Carrie Powers","03/21/2019 04:22am",0,0,0,0,0,0,0,0,,"x","x","x","","3035969287","303","596","9287","CA","7280 Ketch place ","Bradenton ","34212","United States of America",,"5088866570","508","886","6570",,,"9723552121","972","355","2121",,,,,,,,,,,,,,,,,,,,,,"x",,,,,,,,,,,,,,,
"5d3758bfa37d088ff2fa3457","05/17/2019 10:16am","1004576818","05/17/2019 10:11am","4S3BMBG64D3025300",2013,"SUBARU","Legacy",,"krs@myersandbell.com","Kurt","Schmidt","Kurt Schmidt","05/17/2019 10:12am",0,0,0,0,0,0,0,0,,"x","x","x","","4153732386","415","373","2386","PA","726 2nd St","Rohrerstown","17603","United States of America",,,,,,,,,,,,,,,,,,,,,,,,,,,,,,,,,"x",,,,,,,,,,,,,,,
"5d3758bfa37d088ff2fa3458","05/17/2019 10:18am","1004576818","05/17/2019 10:11am","4S3BMBG64D3025300",2013,"SUBARU","Legacy",,"krs@myersandbell.com","Kurt","Schmidt","Kurt Schmidt","05/17/2019 10:12am",0,0,0,0,0,0,0,0,,"x","x","x","","4153732386","415","373","2386","PA","726 2nd St","Rohrerstown","17603","United States of America",,,,,,,,,,,,,,,,,,,,,,,,,,,,,,,,,"x",,,,,,,,,,,,,,,
"5d3758bfa37d088ff2fa2d15","03/06/2019 10:01am","797781450","03/04/2019 02:45am","4S3BMBC68E3021077",2014,"SUBARU","Legacy",,"katiemeincke@gmail.com","Katherine","Meincke","Katherine Meincke","03/04/2019 02:46am",0,0,0,0,0,0,0,0,,"x","x","x","","8607161228","860","716","1228","CA","Suite E, 2777 Alvarado Street","San Leandro","94577","United States of America",,,,,,,,,,,,,,,,,,,,,,,,,,,,,,,,,,"x",,,,,,,,,,,,,,
"5d3758bfa37d088ff2fa304b","04/20/2019 10:29am","925817637","04/20/2019 07:22am","4S3BMCH64E3005649",2014,"SUBARU","Legacy",,"nschroer08@gmail.com","Nicholas","Schroer","Nicholas Schroer","04/20/2019 10:22am",0,0,0,0,0,0,0,0,,"x","x","x","","6518954750","651","895","4750","MN","2838 Fremont Ave S, Apt 602","Minneapolis","55408","United States of America",,,,,,,,,,,,,,,,,,,,,,,,,,,,,,,,,,"x",,,,,,,,,,,,,,
"5d3758bfa37d088ff2fa3298","05/10/2019 11:03am","471776963","07/23/2019 11:58am","4S3BMCH63E3025147",2014,"SUBARU","Legacy",,"deborah.charney15@gmail.com","Deborah","Charney","Deborah Charney","10/15/2018 05:44pm",0,0,0,0,0,0,0,0,,"x","x","x","","4153732386","415","373","2386","OH","409 Charles Spring Drive ","Shawnee hills","43065","United States of America",,,,,,,,,,,,,,,,,,,,,,,,,,,,,,,,,,"x",,,,,,,,,,,,,,
"5d3758bfa37d088ff2fa2def","03/20/2019 09:15pm","839984547","03/20/2019 08:58pm","4S3BNAF68H3057262",2017,"SUBARU","Legacy",,"daniel.t.fitzpatrick@gmail.com","Daniel","Fitzpatrick","Daniel Fitzpatrick","03/20/2019 09:00pm",0,0,0,0,0,0,0,0,,"x","","","x","6084989419","608","498","9419","MN","9311 Ranchview Lane N","Maple grove","55369","United States of America",,,,,,,,,,,,,,,,,,,,,,,,,,,,,,,,,,,"x",,,,,,,,,,,,,
"5d3758bfa37d088ff2fa2719","10/22/2018 01:39pm","486983828","07/23/2019 11:58am","4S4BP68C254314881",2005,"SUBARU","Outback",,"thorton0@yahoo.com","Patrick","Boutin","Patrick Boutin","10/22/2018 01:39pm",0,0,0,0,0,0,0,0,,"x","x","x","","4153732386","415","373","2386","CA","Suite E, 2777 Alvarado Street","San Leandro","94577","United States of America",,,,,,,,,,,,,,,,,,,,,,,,,,,,,,,,,,,,"x",,,,,,,,,,,,
"5d3758bfa37d088ff2fa28d0","12/05/2018 01:56pm","598321221","07/23/2019 11:58am","4S4BP62C257386123",2005,"SUBARU","Outback",,"willers.jen@gmail.com","Jennifer","Willers","Jennifer Willers","12/05/2018 02:47pm",0,0,0,0,0,0,0,0,,"x","x","x","","4153732386","415","373","2386","CA","Suite E, 2777 Alvarado Street","San Leandro","94577","United States of America",,,,,,,,,,,,,,,,,,,,,,,,,,,,,,,,,,,,"x",,,,,,,,,,,,
"5d3758bfa37d088ff2fa2a63","02/02/2019 07:03am","728766949","02/02/2019 06:20am","4S4BP86C054347442",2005,"SUBARU","Outback",,"ncl4280@yahoo.com","Norma","Laing","Norma Laing","02/02/2019 06:47am",0,0,0,0,0,0,0,0,,"x","x","x","","7725194368","772","519","4368","CA","Suite E, 2777 Alvarado Street","San Leandro","94577","United States of America",,,,,,,,,,,,,,,,,,,,,,,,,,,,,,,,,,,,"x",,,,,,,,,,,,
"5d3758bfa37d088ff2fa2aa1","02/04/2019 02:48am","452965461","07/23/2019 11:58am","4S4BP61C157305937",2005,"SUBARU","Outback",,"pculler21@gmail.com","Phillip","Culler","Phillip Culler","10/05/2018 03:41pm",0,0,0,0,0,0,0,0,,"x","x","x","","4843470692","484","347","0692","CA","Suite E, 2777 Alvarado Street","San Leandro","94577","United States of America",,"4846202737","484","620","2737",,,,,,,,,,,,,,,,,,,,,,,,,,,,,,,"x",,,,,,,,,,,,
"5d3758bfa37d088ff2fa2ac4","02/04/2019 06:35am","602710434","07/23/2019 11:58am","4S4BP61C057323877",2005,"SUBARU","Outback",,"ke.gross03@yahoo.com","Katherine","Gross","Katherine Gross","12/07/2018 08:54am",0,0,0,0,0,0,0,0,,"x","x","x","","7752197615","775","219","7615","CA","Suite E, 2777 Alvarado Street","San Leandro","94577","United States of America",,,,,,,,,,,,,,,,,,,,,,,,,,,,,,,,,,,,"x",,,,,,,,,,,,
"5d3758bfa37d088ff2fa2e0d","03/21/2019 09:55am","841498056","03/21/2019 09:05am","4S4BP61C157310975",2005,"SUBARU","Outback",,"kimkaraman56@gmail.com","Kim","Karaman","Kim Karaman","03/21/2019 09:09am",0,0,0,0,0,0,0,0,,"x","x","x","","4153732386","415","373","2386","PA","1116 Acorn Drive ","Kunkletown","18058","United States of America",,,,,,,,,,,,,,,,,,,,,,,,,,,,,,,,,,,,"x",,,,,,,,,,,,
"5d3758bfa37d088ff2fa30c3","04/22/2019 12:10pm","931629404","04/22/2019 11:59am","4S4BP61C757340689",2005,"SUBARU","Outback",,"mewilson@gmail.com","Megan","Stromberg","Megan Stromberg","04/22/2019 12:00pm",0,0,0,0,0,0,0,0,,"x","x","x","","4153424413","415","342","4413","CA","130 Mono Ave","Fairfax","94930","United States of America",,,,,,,,,,,,,,,,,,,,,,,,,,,,,,,,,,,,"x",,,,,,,,,,,,
"5d3758bfa37d088ff2fa28af","11/25/2018 11:56pm","573741243","07/23/2019 11:58am","4S4BP61C667338529",2006,"SUBARU","Outback",,"hts1boi@aol.com","Shawn","Elmore","Shawn Elmore","11/26/2018 00:40am",0,0,0,0,0,0,0,0,,"x","x","x","","6142649109","614","264","9109","CA","Suite E, 2777 Alvarado Street","San Leandro","94577","United States of America",,"3045486202","304","548","6202",,,,,,,,,,,,,,,,,,,,,,,,,,,,,,,,"x",,,,,,,,,,,
"5d3758bfa37d088ff2fa2993","12/19/2018 06:38am","631057560","07/23/2019 11:58am","4S4BP62C267325727",2006,"SUBARU","Outback",,"malissamardorf@gmail.com","Malissa","Mardorf","Malissa Mardorf","12/19/2018 07:33am",0,0,0,0,0,0,0,0,,"x","x","x","","2032281661","203","228","1661","CA","Suite E, 2777 Alvarado Street","San Leandro","94577","United States of America",,,,,,,,,,,,,,,,,,,,,,,,,,,,,,,,,,,,,"x",,,,,,,,,,,
"5d3758bfa37d088ff2fa2e9b","03/25/2019 06:00am","852650514","03/25/2019 05:52am","4S4BL62C067209972",2006,"SUBARU","Outback",,"jjfhf@yahoo.com","John","Fontana","John Fontana","03/25/2019 05:52am",0,0,0,0,0,0,0,0,,"x","","","x","7168126170","716","812","6170","NY","15 Jeffery dr","Tillson","12486","United States of America",,"5162340406","516","234","0406",,,"6315232341","631","523","2341",,,,,,,,,,,,,,,,,,,,,,,,,,"x",,,,,,,,,,,
"5d3758bfa37d088ff2fa2e9c","03/25/2019 06:04am","852650514","03/25/2019 05:52am","4S4BL62C067209972",2006,"SUBARU","Outback",,"jjfhf@yahoo.com","John","Fontana","John Fontana","03/25/2019 05:52am",0,0,0,0,0,0,0,0,,"x","","","x","7168126170","716","812","6170","NY","15 Jeffery dr","Tillson","12486","United States of America",,"5162340406","516","234","0406",,,"6315232341","631","523","2341",,,,,,,,,,,,,,,,,,,,,,,,,,"x",,,,,,,,,,,
"5d3758bfa37d088ff2fa2e9d","03/25/2019 06:06am","852650514","03/25/2019 05:52am","4S4BL62C067209972",2006,"SUBARU","Outback",,"jjfhf@yahoo.com","John","Fontana","John Fontana","03/25/2019 05:52am",0,0,0,0,0,0,0,0,,"x","","","x","7168126170","716","812","6170","NY","15 Jeffery dr","Tillson","12486","United States of America",,"5162340406","516","234","0406",,,"6315232341","631","523","2341",,,,,,,,,,,,,,,,,,,,,,,,,,"x",,,,,,,,,,,
"5d3758bfa37d088ff2fa2f08","04/02/2019 06:24pm","877241504","04/02/2019 06:04pm","4S4BP62C867356769",2006,"SUBARU","Outback",,"jossievons@gmail.com","Jessica","Gagliano","Jessica Gagliano","04/02/2019 06:04pm",0,0,0,0,0,0,0,0,,"x","x","x","","2017048862","201","704","8862","NJ","25 McKinley Ave","West orange","07052","United States of America",,,,,,,,,,,,,,,,,,,,,,,,,,,,,,,,,,,,,"x",,,,,,,,,,,
"5d3758bfa37d088ff2fa2fad","04/17/2019 08:27am","917561944","04/17/2019 08:17am","4S4BP62C167343314",2006,"SUBARU","Outback",,"strohl2@comcast.net","Melissa","Strohl","Melissa Strohl","04/17/2019 08:19am",0,0,0,0,0,0,0,0,,"x","x","x","","4153732386","415","373","2386","PA","254 Ridge Hill Rd","Mechanicsburg ","17050","United States of America",,,,,,,,,,,,,,,,,,,,,,,,,,,,,,,,,,,,,"x",,,,,,,,,,,
"5d3758bfa37d088ff2fa2b03","02/05/2019 05:52pm","453044988","07/23/2019 11:58am","4S4BP61C177305181",2007,"SUBARU","Outback",,"sheribyrns@yahoo.com","Sheri","Dehaven","Sheri Dehaven","10/05/2018 05:14pm",0,0,0,0,0,0,0,0,,"x","x","x","","4153732386","415","373","2386","CA","Suite E, 2777 Alvarado Street","San Leandro","94577","United States of America",,,,,,,,,,,,,,,,,,,,,,,,,,,,,,,,,,,,,,"x",,,,,,,,,,
"5d3758bfa37d088ff2fa305c","04/20/2019 12:13pm","926449023","04/20/2019 12:03pm","4S4BP61C677328830",2007,"SUBARU","Outback",,"sarasantry@yahoo.com","Sara","Santry","Sara Santry","04/20/2019 12:04pm",0,0,0,0,0,0,0,0,,"x","x","x","","4153732386","415","373","2386","PA","136 1st Ave","West view","15229","United States of America",,,,,,,,,,,,,,,,,,,,,,,,,,,,,,,,,,,,,,"x",,,,,,,,,,
"5d3758bfa37d088ff2fa2736","10/23/2018 09:24am","489208145","07/23/2019 11:58am","4S4BP86C984334676",2008,"SUBARU","Outback",,"achorn730@gmail.com","Cheryl","Achorn","Cheryl Achorn","10/23/2018 09:24am",0,0,0,0,0,0,0,0,,"x","x","x","","6092801821","609","280","1821","CA","Suite E, 2777 Alvarado Street","San Leandro","94577","United States of America",,,,,,,,,,,,,,,,,,,,,,,,,,,,,,,,,,,,,,,"x",,,,,,,,,
"5d3758bfa37d088ff2fa2a06","01/29/2019 11:14am","718871733","01/29/2019 10:51am","4S4BP60C386344511",2008,"SUBARU","Outback",,"katie.miller87@gmail.com","Kaitlin","Hunter","Kaitlin Hunter","01/29/2019 10:52am",0,0,0,0,0,0,0,0,,"x","x","x","","4802360507","480","236","0507","CA","Suite E, 2777 Alvarado Street","San Leandro","94577","United States of America",,,,,,,,,,,,,,,,,,,,,,,,,,,,,,,,,,,,,,,"x",,,,,,,,,
"5d3758bfa37d088ff2fa2b59","02/12/2019 08:04am","752975625","02/12/2019 07:56am","4S4BP61C087344281",2008,"SUBARU","Outback",,"ozzworx@hotmail.com","Mark","Edmiston","Mark Edmiston","02/12/2019 07:57am",0,0,0,0,0,0,0,0,,"x","x","x","","7145258495","714","525","8495","CA","Suite E, 2777 Alvarado Street","San Leandro","94577","United States of America",,"7143497602","714","349","7602",,,"7148723409","714","872","3409",,,,,,,,,,,,,,,,,,,,,,,,,,,,"x",,,,,,,,,
"5d3758bfa37d088ff2fa2c3d","02/23/2019 04:14pm","779871530","02/23/2019 04:03pm","4S4BP61C987356090",2008,"SUBARU","Outback",,"beerlady@silverstar.com","Julie","Wenger","Julie Wenger","02/23/2019 04:05pm",0,0,0,0,0,0,0,0,,"x","x","x","","2083173724","208","317","3724","ID","PO Box 394","Victor","83455","United States of America",,"2087872352","208","787","2352",,,,,,,,,,,,,,,,,,,,,,,,,,,,,,,,,,"x",,,,,,,,,
"5d3758bfa37d088ff2fa2c3e","02/23/2019 04:15pm","779871530","02/23/2019 04:03pm","4S4BP61C987356090",2008,"SUBARU","Outback",,"beerlady@silverstar.com","Julie","Wenger","Julie Wenger","02/23/2019 04:05pm",0,0,0,0,0,0,0,0,,"x","x","x","","2083173724","208","317","3724","ID","PO Box 394","Victor","83455","United States of America",,"2087872352","208","787","2352",,,,,,,,,,,,,,,,,,,,,,,,,,,,,,,,,,"x",,,,,,,,,
"5d3758bfa37d088ff2fa2e1c","03/21/2019 03:22pm","842464347","03/21/2019 03:12pm","4S4BP61C787309236",2008,"SUBARU","Outback",,"kelly.totten@gmail.com","Kelly","Totten","Kelly Totten","03/21/2019 03:15pm",0,0,0,0,0,0,0,0,,"x","x","x","","7026269796","702","626","9796","NV","2485 W Wigwam Ave, Unit 44","Las vegas","89123","United States of America",,,,,,,,,,,,,,,,,,,,,,,,,,,,,,,,,,,,,,,"x",,,,,,,,,
"5d3758bfa37d088ff2fa2e1d","03/21/2019 03:23pm","842475846","03/21/2019 03:17pm","4S4BP61C387336210",2008,"SUBARU","Outback",,"rosencrantzposaune@gmail.com","Keith","Rose","Keith Rose","03/21/2019 03:18pm",0,0,0,0,0,0,0,0,,"x","x","x","","4153732386","415","373","2386","MN","1197 Clearwater Dr","Zcta 55129","55129","United States of America",,,,,,,,,,,,,,,,,,,,,,,,,,,,,,,,,,,,,,,"x",,,,,,,,,
"5d3758bfa37d088ff2fa2f07","04/02/2019 04:58pm","718698950","01/29/2019 09:57am","4S4BP61C687307364",2008,"SUBARU","Outback",,"kma36@hotmail.com","Kelly","Allison","Kelly Allison","01/29/2019 09:58am",0,0,0,0,0,0,0,0,,"x","x","x","","4102082772","410","208","2772","MD","PO Box 1673","Berlin","21811","United States of America",,"4104306187","410","430","6187",,,,,,,,,,,,,,,,,,,,,,,,,,,,,,,,,,"x",,,,,,,,,
"5d3758bfa37d088ff2fa27c5","11/07/2018 05:05pm","052555974","07/23/2019 11:58am","4S4BP61C797319038",2009,"SUBARU","Outback",,"ash021787@hotmail.com","Ashley","Ortiz","Ashley Ortiz","11/07/2018 06:05pm",0,0,0,0,0,0,0,0,,"x","x","x","","3077601289","307","760","1289","CA","Suite E, 2777 Alvarado Street","San Leandro","94577","United States of America",,,,,,,,,,,,,,,,,,,,,,,,,,,,,,,,,,,,,,,,"x",,,,,,,,
"5d3758bfa37d088ff2fa2800","11/08/2018 05:41pm","528668557","07/23/2019 11:58am","4S4BP66C997313556",2009,"SUBARU","Outback",,"spentplsr@gmail.com","William","Camp","William Camp","11/08/2018 06:41pm",0,0,0,0,0,0,0,0,,"x","x","x","","8563940433","856","394","0433","CA","Suite E, 2777 Alvarado Street","San Leandro","94577","United States of America",,,,,,,,,,,,,,,,,,,,,,,,,,,,,,,,,,,,,,,,"x",,,,,,,,
"5d3758bfa37d088ff2fa2ff8","04/18/2019 04:59pm","921924038","04/18/2019 04:44pm","4S4BP61C897338018",2009,"SUBARU","Outback",,"kbuchanan827@gmail.com","Kelly","Gorman","Kelly Gorman","04/18/2019 04:47pm",0,0,0,0,0,0,0,0,,"x","x","x","","4153732386","415","373","2386","OH","27 Daniel Ln","Chardon","44024","United States of America",,,,,,,,,,,,,,,,,,,,,,,,,,,,,,,,,,,,,,,,"x",,,,,,,,
"5d3758bfa37d088ff2fa31ac","05/07/2019 07:10am","875104150","04/02/2019 06:05am","4S4BP66C497330233",2009,"SUBARU","Outback",,"susanlepter@gmail.com","Susan","Lepter","Susan Lepter","05/07/2019 07:03am",0,0,0,0,0,0,0,0,,"x","x","x","","4153732386","415","373","2386","CA","Suite E, 2777 Alvarado Street","San Leandro","94577","United States of America",,,,,,,,,,,,,,,,,,,,,,,,,,,,,,,,,,,,,,,,"x",,,,,,,,
"5d3758bfa37d088ff2fa2845","11/11/2018 06:40am","053456485","07/23/2019 11:58am","4S4BRDKC6A2369203",2010,"SUBARU","Outback",,"ksd13672@verizon.net","Kimberly","Dove","Kimberly Dove","11/11/2018 07:40am",0,0,0,0,0,0,0,0,,"x","x","x","","4153732386","415","373","2386","CA","Suite E, 2777 Alvarado Street","San Leandro","94577","United States of America",,,,,,,,,,,,,,,,,,,,,,,,,,,,,,,,,,,,,,,,,"x",,,,,,,
"5d3758bfa37d088ff2fa2989","12/18/2018 09:40am","628671763","07/23/2019 11:58am","4S4BRCKC5A3354194",2010,"SUBARU","Outback",,"thepriebe@gmail.com","Aaron","Priebe","Aaron Priebe","12/18/2018 10:26am",0,0,0,0,0,0,0,0,,"x","x","x","","4153732386","415","373","2386","CA","Suite E, 2777 Alvarado Street","San Leandro","94577","United States of America",,,,,,,,,,,,,,,,,,,,,,,,,,,,,,,,,,,,,,,,,"x",,,,,,,
"5d3758bfa37d088ff2fa2989","12/18/2018 09:40am","628671763","07/23/2019 11:58am","4S4BRCKC5A3354194",2010,"SUBARU","Outback",,"thepriebe@gmail.com","Aaron","Priebe","Aaron Priebe","12/18/2018 10:26am",0,0,0,0,0,0,0,0,,"x","x","x","","4153732386","415","373","2386","CA","Suite E, 2777 Alvarado Street","San Leandro","94577","United States of America",,,,,,,,,,,,,,,,,,,,,,,,,,,,,,,,,,,,,,,,,"x",,,,,,,
"5d3758bfa37d088ff2fa2f2f","04/05/2019 01:16pm","842321823","03/21/2019 02:18pm","4S4BRBJC9A3338205",2010,"SUBARU","Outback",,"brendonkleiner@yahoo.com","Brendon","Kleiner","Brendon Kleiner","03/21/2019 02:19pm",0,0,0,0,0,0,0,0,,"x","x","x","","5166331975","516","633","1975","NY","1 Dubois Ave","North woodmere","11581","United States of America",,,,,,,,,,,,,,,,,,,,,,,,,,,,,,,,,,,,,,,,,"x",,,,,,,
"5d3758bfa37d088ff2fa2f42","04/06/2019 07:53pm","842321823","03/21/2019 02:18pm","4S4BRBJC9A3338205",2010,"SUBARU","Outback",,"brendonkleiner@yahoo.com","Brendon","Kleiner","Brendon Kleiner","03/21/2019 02:19pm",0,0,0,0,0,0,0,0,,"x","x","x","","5166331975","516","633","1975","NY","1 Dubois Ave","North woodmere","11581","United States of America",,,,,,,,,,,,,,,,,,,,,,,,,,,,,,,,,,,,,,,,,"x",,,,,,,
"5d3758bfa37d088ff2fa2f87","04/13/2019 07:52am","779941808","02/23/2019 05:11pm","4S4BRBAC7A1340711",2010,"SUBARU","Outback",,"erichwendysig@msn.com","Wendy","Seignemartin","Wendy Seignemartin","02/23/2019 05:13pm",0,0,0,0,0,0,0,0,,"x","x","x","","5098795387","509","879","5387","WA","19244 S Aspen Meadows Dr","Cheney","99004","United States of America",,"5092358437","509","235","8437",,,,,,,,,,,,,,,,,,,,,,,,,,,,,,,,,,,,"x",,,,,,,
"5d3758bfa37d088ff2fa2ff1","04/18/2019 02:51pm","921612624","04/18/2019 02:19pm","4S4BRBCC9A3355664",2010,"SUBARU","Outback",,"lconr6@aol.com","Lori","Conroe","Lori Conroe","04/18/2019 02:21pm",0,0,0,0,0,0,0,0,"Fees for other people driving  because I .couldn't have a passenger","x","x","x","","5709426597","570","942","6597","CA","Suite E, 2777 Alvarado Street","San Leandro","94577","United States of America",,"5709426597","570","942","6597",,,,,,,,,,,,,,,,,,,,,,,,,,,,,,,,,,,,"x",,,,,,,
"5d3758bfa37d088ff2fa3112","04/25/2019 03:09pm","940897521","04/25/2019 03:01pm","4S4BRBFC9A3368653",2010,"SUBARU","Outback",,"brudreed@gmail.com","Reed","Bruderer","Reed Bruderer","04/25/2019 03:03pm",0,0,0,0,0,0,0,0,,"x","x","x","","4153732386","415","373","2386","CA","Suite E, 2777 Alvarado Street","San Leandro","94577","United States of America",,,,,,,,,,,,,,,,,,,,,,,,,,,,,,,,,,,,,,,,,"x",,,,,,,
"5d3758bfa37d088ff2fa323d","05/10/2019 04:59am","851676501","03/24/2019 06:51pm","4S4BRELC5A2334253",2010,"SUBARU","Outback",,"mharmm@comcast.net","Michael","Armm","Michael Armm","03/24/2019 06:51pm",0,0,0,0,0,0,0,0,,"x","x","x","","4153732386","415","373","2386","CA","Suite E, 2777 Alvarado Street","San Leandro","94577","United States of America",,,,,,,,,,,,,,,,,,,,,,,,,,,,,,,,,,,,,,,,,"x",,,,,,,
"5d3758bfa37d088ff2fa3270","05/10/2019 09:01am","633113183","07/23/2019 11:58am","4S4BRCKC0A3345368",2010,"SUBARU","Outback",,"jennifer.redlin@minnesota.edu","Jennifer","Redlin","Jennifer Redlin","05/10/2019 08:58am",0,0,0,0,0,0,0,0,,"x","x","x","","7012389156","701","238","9156","CA","Suite E, 2777 Alvarado Street","San Leandro","94577","United States of America",,"7012824238","701","282","4238",,,,,,,,,,,,,,,,,,,,,,,,,,,,,,,,,,,,"x",,,,,,,
"5d3758bfa37d088ff2fa33f5","05/13/2019 09:15am","873030022","04/01/2019 12:18pm","4S4BRCCCLA3310871",2010,"SUBARU","Outback",,"jennseidler@gmail.com","Jennifer","Seidler","Jennifer Seidler","04/01/2019 12:18pm",0,0,0,0,0,0,0,0,,"x","x","x","","6085927165","608","592","7165","WI","W12000 Van Ness Rd","Lodi","53555","United States of America",,"6088438316","608","843","8316",,,,,,,,,,,,,,,,,,,,,,,,,,,,,,,,,,,,"x",,,,,,,
"5d3758bfa37d088ff2fa33f6","05/13/2019 09:16am","873030022","04/01/2019 12:18pm","4S4BRCCCLA3310871",2010,"SUBARU","Outback",,"jennseidler@gmail.com","Jennifer","Seidler","Jennifer Seidler","04/01/2019 12:18pm",0,0,0,0,0,0,0,0,,"x","x","x","","6085927165","608","592","7165","WI","W12000 Van Ness Rd","Lodi","53555","United States of America",,"6088438316","608","843","8316",,,,,,,,,,,,,,,,,,,,,,,,,,,,,,,,,,,,"x",,,,,,,
"5d3758bfa37d088ff2fa343e","05/15/2019 11:39am","541268350","07/23/2019 11:58am","4S4BRCEC8A3350653",2010,"SUBARU","Outback",,"jaearly@mail.utexas.edu","Jeffrey","Early","Jeffrey Early","11/13/2018 11:21am",0,0,0,0,0,0,0,0,,"x","x","x","","5125851333","512","585","1333","TX","3206 King Street #202","Austin","78705","United States of America",,,,,,,,,,,,,,,,,,,,,,,,,,,,,,,,,,,,,,,,,"x",,,,,,,
"5d3758bfa37d088ff2fa298f","12/18/2018 05:10pm","624319111","07/23/2019 11:58am","4S4BRDKC3B2362016",2011,"SUBARU","Outback",,"rgsaefke@sbcglobal.net","Richard","Saefke","Richard Saefke","12/16/2018 08:38pm",0,0,0,0,0,0,0,0,,"x","x","x","","4153732386","415","373","2386","CA","Suite E, 2777 Alvarado Street","San Leandro","94577","United States of America",,,,,,,,,,,,,,,,,,,,,,,,,,,,,,,,,,,,,,,,,,"x",,,,,,
"5d3758bfa37d088ff2fa2be6","02/16/2019 04:50pm","764028041","02/16/2019 04:37pm","4S4BRCKC8B3424885",2011,"SUBARU","Outback",,"susan.v.pope@gmail.com","Susan","Chandler","Susan Chandler","02/16/2019 04:43pm",0,0,0,0,0,0,0,0,,"x","x","x","","7732514117","773","251","4117","CA","Suite E, 2777 Alvarado Street","San Leandro","94577","United States of America",,,,,,,,,,,,,,,,,,,,,,,,,,,,,,,,,,,,,,,,,,"x",,,,,,
"5d3758bfa37d088ff2fa2c77","02/25/2019 05:06pm","784249936","02/25/2019 04:54pm","4S4BRBKC0B3387805",2011,"SUBARU","Outback",,"kateflips@aol.com","Kathryn","Stuckey","Kathryn Stuckey","02/25/2019 04:55pm",0,0,0,0,0,0,0,0,,"x","x","x","","6618225464","661","822","5464","CA","Suite E, 2777 Alvarado Street","San Leandro","94577","United States of America",,"5626396107","562","639","6107",,,,,,,,,,,,,,,,,,,,,,,,,,,,,,,,,,,,,"x",,,,,,
"5d3758bfa37d088ff2fa2eb6","03/25/2019 02:20pm","854043707","03/25/2019 02:15pm","4S4BRBKC5B3373727",2011,"SUBARU","Outback",,"tyler.roberts109@gmail.com","Tyler","Roberts","Tyler Roberts","03/25/2019 02:16pm",0,0,0,0,0,0,0,0,,"x","x","x","","4153732386","415","373","2386","TN","4130 Ames Ct","Nashville","37218","United States of America",,,,,,,,,,,,,,,,,,,,,,,,,,,,,,,,,,,,,,,,,,"x",,,,,,
"5d3758bfa37d088ff2fa2f12","04/03/2019 02:44pm","880210058","04/03/2019 02:29pm","4S4BRBAC9B1362582",2011,"SUBARU","Outback",,"roxellatawney62@gmail.com","Roxella","Tawney","Roxella Tawney","04/03/2019 02:31pm",0,0,0,0,0,0,0,0,,"x","x","x","","5419045212","541","904","5212","AZ","392 S Paseo Aguila Unit B","Green valley","85614","United States of America",,,,,,,,,,,,,,,,,,,,,,,,,,,,,,,,,,,,,,,,,,"x",,,,,,
"5d3758bfa37d088ff2fa3265","05/10/2019 08:03am","790781837","02/28/2019 08:07am","4S4BRBKC0B3390824",2011,"SUBARU","Outback",,"gil@bcn-nv.com","Gilbert","Stonebarger","Gilbert Stonebarger","02/28/2019 08:08am",0,0,0,0,0,0,0,0,,"x","x","x","","7028398586","702","839","8586","CA","Suite E, 2777 Alvarado Street","San Leandro","94577","United States of America",,"7023543870","702","354","3870",,,"7025642398","702","564","2398",,,,,,,,,,,,,,,,,,,,,,,,,,,,,,,"x",,,,,,
"5d3758bfa37d088ff2fa3351","05/11/2019 11:28am","037397636","07/23/2019 11:58am","4S4BRBGCXB3441304",2011,"SUBARU","Outback",,"amichaim@gmail.com","Amichai","Margolis","Amichai Margolis","08/28/2018 11:02pm",0,0,0,0,0,0,0,0,,"x","x","x","","9175323554","917","532","3554","NY","2 hook st.","Orangeburg","10962","United States of America",,,,,,,,,,,,,,,,,,,,,,,,,,,,,,,,,,,,,,,,,,"x",,,,,,
"5d3758bfa37d088ff2fa33c6","05/12/2019 11:55am","779121554","02/23/2019 07:42am","4S4BRBFC3B3312743",2011,"SUBARU","Outback",,"alfinkelstein@comcast.net","Annette","Finkelstein","Annette Finkelstein","02/23/2019 07:43am",0,0,0,0,0,0,0,0,,"x","x","x","","5206820126","520","682","0126","AZ","8220 E. Seneca Street","Tucson","85715","United States of America",,"5207843386","520","784","3386",,,"5204036058","520","403","6058",,,,,,,,,,,,,,,,,,,,,,,,,,,,,,,"x",,,,,,
"5d3758bfa37d088ff2fa2842","11/12/2018 03:18am","536965987","07/23/2019 11:58am","4S4BRDKC8C2300015",2012,"SUBARU","Outback",,"unclviny@hotmail.com","Vincent","Anderson","Vincent Anderson","11/12/2018 04:18am",0,0,0,0,0,0,0,0,,"x","x","x","","7133202759","713","320","2759","CA","Suite E, 2777 Alvarado Street","San Leandro","94577","United States of America",,,,,,,,,,,,,,,,,,,,,,,,,,,,,,,,,,,,,,,,,,,"x",,,,,
"5d3758bfa37d088ff2fa2b44","02/11/2019 02:46pm","750470245","02/11/2019 02:30pm","4S4BRBKC9C3286317",2012,"SUBARU","Outback",,"spiff469@aol.com","Dene","Flack","Dene Flack","02/11/2019 02:32pm",0,0,0,0,0,0,0,0,,"x","x","x","","4104565830","410","456","5830","MD","3127 Nova Scotia rd","Bel air","21015","United States of America",,"4436437473","443","643","7473",,,"4107346904","410","734","6904",,,,,,,,,,,,,,,,,,,,,,,,,,,,,,,,"x",,,,,
"5d3758bfa37d088ff2fa2eb5","03/25/2019 01:18pm","853876124","03/25/2019 01:04pm","4S4BRBJC6C3301261",2012,"SUBARU","Outback",,"brandonsenn@gmail.com","Brandon","Senn","Brandon Senn","03/25/2019 01:06pm",0,0,0,0,0,0,0,0,,"x","x","x","","5103645802","510","364","5802","OR","10898 S Toliver Rd","Molalla","97038","United States of America",,,,,,,,,,,,,,,,,,,,,,,,,,,,,,,,,,,,,,,,,,,"x",,,,,
"5d3758bfa37d088ff2fa31c6","05/07/2019 09:28am","750470245","02/11/2019 02:30pm","4S4BRBKC9C3286317",2012,"SUBARU","Outback",,"spiff469@aol.com","Dene","Flack","Dene Flack","02/11/2019 02:32pm",0,0,0,0,0,0,0,0,,"x","x","x","","4104565830","410","456","5830","MD","3127 Nova Scotia rd","Bel air","21015","United States of America",,"4436437473","443","643","7473",,,"4107346904","410","734","6904",,,,,,,,,,,,,,,,,,,,,,,,,,,,,,,,"x",,,,,
"5d3758bfa37d088ff2fa3271","05/10/2019 09:02am","840648251","03/21/2019 04:21am","4S4BRBKCXC3213098",2012,"SUBARU","Outback",,"dogmaxine@yahoo.com","Carrie","Powers","Carrie Powers","03/21/2019 04:22am",0,0,0,0,0,0,0,0,,"x","x","x","","3035969287","303","596","9287","CA","7280 Ketch place ","Bradenton ","34212","United States of America",,"5088866570","508","886","6570",,,"9723552121","972","355","2121",,,,,,,,,,,,,,,,,,,,,,,,,,,,,,,,"x",,,,,
"5d3758bfa37d088ff2fa3273","05/10/2019 09:04am","840648251","03/21/2019 04:21am","4S4BRBKCXC3213098",2012,"SUBARU","Outback",,"dogmaxine@yahoo.com","Carrie","Powers","Carrie Powers","03/21/2019 04:22am",0,0,0,0,0,0,0,0,,"x","x","x","","3035969287","303","596","9287","CA","7280 Ketch place ","Bradenton ","34212","United States of America",,"5088866570","508","886","6570",,,"9723552121","972","355","2121",,,,,,,,,,,,,,,,,,,,,,,,,,,,,,,,"x",,,,,
"5d3758bfa37d088ff2fa3313","05/10/2019 10:19pm","783983407","02/25/2019 02:12pm","4S4BRBKCXC3273737",2012,"SUBARU","Outback",,"danielle.dlucas@rocketmail.com","Danielle","Lucas","Danielle Lucas","02/25/2019 02:16pm",0,0,0,0,0,0,0,0,,"x","x","x","","4153732386","415","373","2386","CA","Suite E, 2777 Alvarado Street","San Leandro","94577","United States of America",,,,,,,,,,,,,,,,,,,,,,,,,,,,,,,,,,,,,,,,,,,"x",,,,,
"5d3758bfa37d088ff2fa3337","05/11/2019 08:05am","599176938","07/23/2019 11:58am","4S4BRBCC6C3219074",2012,"SUBARU","Outback",,"fatwooddog@yahoo.com","John","Nelson","John Nelson","12/06/2018 00:24am",0,0,0,0,0,0,0,0,,"x","x","x","","4153732386","415","373","2386","CA","Suite E, 2777 Alvarado Street","San Leandro","94577","United States of America",,,,,,,,,,,,,,,,,,,,,,,,,,,,,,,,,,,,,,,,,,,"x",,,,,
"5d3758bfa37d088ff2fa3340","05/11/2019 09:35am","567885633","07/23/2019 11:58am","4S4BREKC9C2252420",2012,"SUBARU","Outback",,"dolansc@gmail.com","Scott","Dolan","Scott Dolan","11/23/2018 06:48am",0,0,0,0,0,0,0,0,,"x","x","x","","7737918250","773","791","8250","IL","640 Hunter Rd","Glenview","60025","United States of America",,"8476445208","847","644","5208",,,,,,,,,,,,,,,,,,,,,,,,,,,,,,,,,,,,,,"x",,,,,
"5d3758bfa37d088ff2fa3341","05/11/2019 09:37am","567885633","07/23/2019 11:58am","4S4BREKC9C2252420",2012,"SUBARU","Outback",,"dolansc@gmail.com","Scott","Dolan","Scott Dolan","11/23/2018 06:48am",0,0,0,0,0,0,0,0,,"x","x","x","","7737918250","773","791","8250","IL","640 Hunter Rd","Glenview","60025","United States of America",,"8476445208","847","644","5208",,,,,,,,,,,,,,,,,,,,,,,,,,,,,,,,,,,,,,"x",,,,,
"5d3758bfa37d088ff2fa3349","05/11/2019 10:50am","845156848","03/22/2019 03:51pm","4S4BRBKC9C3214209",2012,"SUBARU","Outback",,"fairplay805@yahoo.com","Stacia","Markowitz","Stacia Markowitz","03/22/2019 03:55pm",0,0,0,0,0,0,0,0,,"x","x","x","","8604289007","860","428","9007","FL","11236 N. Rain Pt","Inglis","34449","United States of America",,"8609282430","860","928","2430",,,,,,,,,,,,,,,,,,,,,,,,,,,,,,,,,,,,,,"x",,,,,
"5d3758bfa37d088ff2fa33b7","05/12/2019 07:52am","570345836","07/23/2019 11:58am","4S4BRBCCXC3244169",2012,"SUBARU","Outback",,"jawk62@aol.com","Joyce","Koutsopolos","Joyce Koutsopolos","11/24/2018 08:32am",0,0,0,0,0,0,0,0,,"x","x","x","","2032394182","203","239","4182","CA","Suite E, 2777 Alvarado Street","San Leandro","94577","United States of America",,,,,,,,,,,,,,,,,,,,,,,,,,,,,,,,,,,,,,,,,,,"x",,,,,
"5d3758bfa37d088ff2fa2ac6","02/04/2019 07:03am","454715124","07/23/2019 11:58am","4S4BRCKC4D3259050",2013,"SUBARU","Outback",,"bryan.davenport@comcast.net","Bryan","Davenport","Bryan Davenport","10/06/2018 04:22pm",0,0,0,0,0,0,0,0,,"x","x","x","","6155135902","615","513","5902","CA","Suite E, 2777 Alvarado Street","San Leandro","94577","United States of America",,"6156415680","615","641","5680",,,,,,,,,,,,,,,,,,,,,,,,,,,,,,,,,,,,,,,"x",,,,
"5d3758bfa37d088ff2fa2b21","02/09/2019 02:00pm","745834451","02/09/2019 01:53pm","4S4BRCKC9D3240588",2013,"SUBARU","Outback",,"kb5jhw@embarqmail.com","James","DAVIS","James DAVIS","02/09/2019 01:56pm",0,0,0,0,0,0,0,0,,"x","x","x","","9037293528","903","729","3528","CA","Suite E, 2777 Alvarado Street","San Leandro","94577","United States of America",,"9039223519","903","922","3519",,,,,,,,,,,,,,,,,,,,,,,,,,,,,,,,,,,,,,,"x",,,,
"5d3758bfa37d088ff2fa2dc7","03/20/2019 10:10am","838533319","03/20/2019 09:59am","4S4BRBGC3D3260645",2013,"SUBARU","Outback",,"rlh.ent@gmail.com","Robert","Hester","Robert Hester","03/20/2019 10:00am",0,0,0,0,0,0,0,0,,"x","x","x","","2174126050","217","412","6050","MD","880 College Pkwy Apt T-1","Rockville","20850","United States of America",,"6185427408","618","542","7408",,,"3863286663","386","328","6663",,,,,,,,,,,,,,,,,,,,,,,,,,,,,,,,,"x",,,,
"5d3758bfa37d088ff2fa2e9b","03/25/2019 06:00am","852650514","03/25/2019 05:52am","4S4BRBGCXD3267317",2013,"SUBARU","Outback",,"jjfhf@yahoo.com","John","Fontana","John Fontana","03/25/2019 05:52am",0,0,0,0,0,0,0,0,,"x","","","x","7168126170","716","812","6170","NY","15 Jeffery dr","Tillson","12486","United States of America",,"5162340406","516","234","0406",,,"6315232341","631","523","2341",,,,,,,,,,,,,,,,,,,,,,,,,,,,,,,,,"x",,,,
"5d3758bfa37d088ff2fa2e9c","03/25/2019 06:04am","852650514","03/25/2019 05:52am","4S4BRBGCXD3267317",2013,"SUBARU","Outback",,"jjfhf@yahoo.com","John","Fontana","John Fontana","03/25/2019 05:52am",0,0,0,0,0,0,0,0,,"x","","","x","7168126170","716","812","6170","NY","15 Jeffery dr","Tillson","12486","United States of America",,"5162340406","516","234","0406",,,"6315232341","631","523","2341",,,,,,,,,,,,,,,,,,,,,,,,,,,,,,,,,"x",,,,
"5d3758bfa37d088ff2fa2e9d","03/25/2019 06:06am","852650514","03/25/2019 05:52am","4S4BRBGCXD3267317",2013,"SUBARU","Outback",,"jjfhf@yahoo.com","John","Fontana","John Fontana","03/25/2019 05:52am",0,0,0,0,0,0,0,0,,"x","","","x","7168126170","716","812","6170","NY","15 Jeffery dr","Tillson","12486","United States of America",,"5162340406","516","234","0406",,,"6315232341","631","523","2341",,,,,,,,,,,,,,,,,,,,,,,,,,,,,,,,,"x",,,,
"5d3758bfa37d088ff2fa2f8f","04/15/2019 08:49pm","913141134","04/15/2019 08:39pm","4S4BREKC8D2213660",2013,"SUBARU","Outback",,"scottcbailey@gmail.com","Scott","Bailey","Scott Bailey","04/15/2019 08:41pm",0,0,0,0,0,0,0,0,,"x","x","x","","8016337875","801","633","7875","UT","PO Box 95546","South jordan","84095","United States of America",,,,,,,,,,,,,,,,,,,,,,,,,,,,,,,,,,,,,,,,,,,,"x",,,,
"5d3758bfa37d088ff2fa2fbf","04/17/2019 02:16pm","918637909","04/17/2019 02:08pm","4S4BRBJC3D3292976",2013,"SUBARU","Outback",,"trystan@trenberth.com","Trystan","Trenberth","Trystan Trenberth","04/17/2019 02:10pm",0,0,0,0,0,0,0,0,,"x","","","x","6023003295","602","300","3295","AZ","3134 N 20th St","Phoenix","85016","United States of America",,"6022188496","602","218","8496",,,"4803631305","480","363","1305",,,,,,,,,,,,,,,,,,,,,,,,,,,,,,,,,"x",,,,
"5d3758bfa37d088ff2fa3080","04/21/2019 08:39am","928228213","04/21/2019 08:32am","4S4BRESC5D2217696",2013,"SUBARU","Outback",,"kbhersh@gmail.com","Kimberly","Hersh","Kimberly Hersh","04/21/2019 08:33am",0,0,0,0,0,0,0,0,,"x","x","x","","9135269001","913","526","9001","MO","2928 SW 12th Ter","Lees summit","64081","United States of America",,"9135269002","913","526","9002",,,,,,,,,,,,,,,,,,,,,,,,,,,,,,,,,,,,,,,"x",,,,
"5d3758bfa37d088ff2fa30eb","04/23/2019 05:17pm","935341756","04/23/2019 04:57pm","4S4BRBCC8D3301034",2013,"SUBARU","Outback",,"aaron.b.martin12.civ@gmail.com","Aaron","Martin","Aaron Martin","04/23/2019 04:58pm",0,0,0,0,0,0,0,0,,"x","x","x","","7172532047","717","253","2047","VA","211 Kings Pointe Xing","Tabb","23693","United States of America",,,,,,,,,,,,,,,,,,,,,,,,,,,,,,,,,,,,,,,,,,,,"x",,,,
"5d3758bfa37d088ff2fa3109","04/25/2019 10:47am","940088046","04/25/2019 09:57am","4S4BRCBC0D3227048",2013,"SUBARU","Outback",,"mrtimothystone@yahoo.com","TIMOTHY","STONE","TIMOTHY STONE","04/25/2019 10:41am",0,0,0,0,0,0,0,0,,"x","x","x","","2145049232","214","504","9232","TX","8502 Lanners Dr","McKinney","75072","United States of America",,"4696674664","469","667","4664",,,"4695006084","469","500","6084",,,,,,,,,,,,,,,,,,,,,,,,,,,,,,,,,"x",,,,
"5d3758bfa37d088ff2fa310a","04/25/2019 10:52am","940088046","04/25/2019 09:57am","4S4BRCBC0D3227048",2013,"SUBARU","Outback",,"mrtimothystone@yahoo.com","TIMOTHY","STONE","TIMOTHY STONE","04/25/2019 10:41am",0,0,0,0,0,0,0,0,,"x","x","x","","2145049232","214","504","9232","TX","8502 Lanners Dr","McKinney","75072","United States of America",,"4696674664","469","667","4664",,,"4695006084","469","500","6084",,,,,,,,,,,,,,,,,,,,,,,,,,,,,,,,,"x",,,,
"5d3758bfa37d088ff2fa318c","05/07/2019 05:18am","789331813","02/27/2019 03:29pm","4S4BRCBC1D3311024",2013,"SUBARU","Outback",,"jessicalcrawford@me.com","Jessica","Crawford","Jessica Crawford","02/27/2019 03:32pm",0,0,0,0,0,0,0,0,,"x","x","x","","4153732386","415","373","2386","CA","Suite E, 2777 Alvarado Street","San Leandro","94577","United States of America",,,,,,,,,,,,,,,,,,,,,,,,,,,,,,,,,,,,,,,,,,,,"x",,,,
"5d3758bfa37d088ff2fa326b","05/10/2019 08:25am","845250520","03/22/2019 04:51pm","4S4BRBAC4D3225928",2013,"SUBARU","Outback",,"mwitonis@gmail.com","Michael","Witonis","Michael Witonis","03/22/2019 04:52pm",0,0,0,0,0,0,0,0,,"x","x","x","","2073100304","207","310","0304","NH","164 Mousam Rd","Strafford","03884","United States of America",,"2072450537","207","245","0537",,,,,,,,,,,,,,,,,,,,,,,,,,,,,,,,,,,,,,,"x",,,,
"5d3758bfa37d088ff2fa2e1d","03/21/2019 03:23pm","842475846","03/21/2019 03:17pm","4S4BRCDCXE3202754",2014,"SUBARU","Outback",,"rosencrantzposaune@gmail.com","Keith","Rose","Keith Rose","03/21/2019 03:18pm",0,0,0,0,0,0,0,0,,"x","x","x","","4153732386","415","373","2386","MN","1197 Clearwater Dr","Zcta 55129","55129","United States of America",,,,,,,,,,,,,,,,,,,,,,,,,,,,,,,,,,,,,,,,,,,,,"x",,,
"5d3758bfa37d088ff2fa3119","04/26/2019 10:14am","925940057","04/20/2019 08:15am","4S4BRBCC9E3294208",2014,"SUBARU","Outback",,"tisot@comcast.net","Robert","Tisot","Robert Tisot","04/20/2019 08:17am",0,0,0,0,0,0,0,0,,"x","x","x","","4153732386","415","373","2386","PA","72 Wood Dr","Holland","18966","United States of America",,,,,,,,,,,,,,,,,,,,,,,,,,,,,,,,,,,,,,,,,,,,,"x",,,
"5d3758bfa37d088ff2fa33a1","05/11/2019 09:23pm","972583959","05/07/2019 12:34pm","4S4BRBCC7E3325682",2014,"SUBARU","Outback",,"jmjohnson3@yahoo.com","Jessica","Johnson","Jessica Johnson","05/07/2019 12:35pm",0,0,0,0,0,0,0,0,,"x","x","x","","4153732386","415","373","2386","CA","Suite E, 2777 Alvarado Street","San Leandro","94577","United States of America",,,,,,,,,,,,,,,,,,,,,,,,,,,,,,,,,,,,,,,,,,,,,"x",,,
"5d3758bfa37d088ff2fa2dbc","03/20/2019 08:03am","838137006","03/20/2019 07:39am","4S4BSANC4G3230799",2016,"SUBARU","Outback",,"randomlyamazingthings@gmail.com","Ty","Foreman","Ty Foreman","03/20/2019 07:42am",0,0,0,0,0,0,0,0,,"x","x","x","","8157054790","815","705","4790","IL","485 Newcastle Dr","Cary","60013","United States of America",,"8154038965","815","403","8965",,,"7734548585","773","454","8585",,,,,,,,,,,,,,,,,,,,,,,,,,,,,,,,,,,"x",,
"5d3758bfa37d088ff2fa2fbf","04/17/2019 02:16pm","918637909","04/17/2019 02:08pm","4S4BSANC0G3306387",2016,"SUBARU","Outback",,"trystan@trenberth.com","Trystan","Trenberth","Trystan Trenberth","04/17/2019 02:10pm",0,0,0,0,0,0,0,0,,"x","","","x","6023003295","602","300","3295","AZ","3134 N 20th St","Phoenix","85016","United States of America",,"6022188496","602","218","8496",,,"4803631305","480","363","1305",,,,,,,,,,,,,,,,,,,,,,,,,,,,,,,,,,,"x",,
"5d3758bfa37d088ff2fa2d70","03/12/2019 03:50pm","818355752","03/12/2019 03:40pm","4S4BSADC0H3260997",2017,"SUBARU","Outback",,"jessicaminowicz@gmail.com","Jessica","Garrison","Jessica Garrison","03/12/2019 03:41pm",0,0,0,0,0,0,0,0,,"x","x","x","","8566303434","856","630","3434","CA","Suite E, 2777 Alvarado Street","San Leandro","94577","United States of America",,,,,,,,,,,,,,,,,,,,,,,,,,,,,,,,,,,,,,,,,,,,,,,"x",
"5d3758bfa37d088ff2fa33cd","05/12/2019 01:24pm","932640949","04/22/2019 06:37pm","4S4BSENC0H3317558",2017,"SUBARU","Outback",,"andrewosler@icloud.com","Andrew","Osler","Andrew Osler","04/22/2019 06:38pm",0,0,0,0,0,0,0,0,,"x","","","x","4153732386","415","373","2386","AZ","9215 E Palm Tree Drive","Scottsdale","85255","United States of America",,,,,,,,,,,,,,,,,,,,,,,,,,,,,,,,,,,,,,,,,,,,,,,"x",
"5d3758bfa37d088ff2fa33e1","05/12/2019 07:12pm","935523129","04/23/2019 06:39pm","4S4BSENC7H3204609",2017,"SUBARU","Outback",,"mcnulty042410@gmail.com","Catherine","McNulty","Catherine McNulty","04/23/2019 06:39pm",0,0,0,0,0,0,0,0,,"x","x","x","","4153732386","415","373","2386","CA","Suite E, 2777 Alvarado Street","San Leandro","94577","United States of America",,,,,,,,,,,,,,,,,,,,,,,,,,,,,,,,,,,,,,,,,,,,,,,"x",
"5d3758bfa37d088ff2fa288e","11/18/2018 04:05am","55458188","07/23/2019 11:58am","JF4GG22625G055659",2005,"SAAB","9-2X",,"johnsrt4@gmail.com","John","Stump","John Stump","11/18/2018 05:05am",0,0,0,0,0,0,0,0,,"x","x","x","","7173008350","717","300","8350","PA","35 W Broad St","Yoe","17313 1001","United States of America",,,,,,,,,,,,,,,,,,,,,,,,,,,,,,,,,,,,,,,,,,,,,,,,"x"
"5d3758bfa37d088ff2fa2b96","02/13/2019 08:44pm","757483042","02/13/2019 08:38pm","JF4GG22675H050032",2005,"SAAB","9-2X",,"lee@schnitz.net","Lee","Schnitzer","Lee Schnitzer","02/13/2019 08:39pm",0,0,0,0,0,0,0,0,,"x","x","x","","9137074790","913","707","4790","CA","Suite E, 2777 Alvarado Street","San Leandro","94577","United States of America",,"9132680971","913","268","0971",,,"9136389265","913","638","9265",,,,,,,,,,,,,,,,,,,,,,,,,,,,,,,,,,,,,"x"
"5d3758bfa37d088ff2fa2b97","02/13/2019 08:45pm","757483042","02/13/2019 08:38pm","JF4GG22675H050032",2005,"SAAB","9-2X",,"lee@schnitz.net","Lee","Schnitzer","Lee Schnitzer","02/13/2019 08:39pm",0,0,0,0,0,0,0,0,,"x","x","x","","9137074790","913","707","4790","CA","Suite E, 2777 Alvarado Street","San Leandro","94577","United States of America",,"9132680971","913","268","0971",,,"9136389265","913","638","9265",,,,,,,,,,,,,,,,,,,,,,,,,,,,,,,,,,,,,"x"