"_id","concatString"
"5c5239f98b7ced712903939e","AcuraCL2003"
"5c5239f98b7ced71290393a1","AcuraTL2002"
"5c5239f98b7ced71290393a2","AcuraTL2003"
"5c5239f98b7ced71290393a6","AcuraILX2013"
"5c5239f98b7ced71290393a8","AcuraILX2014"
"5c5239f98b7ced71290393a9","AcuraILX2015"
"5c5239f98b7ced71290393aa","AcuraILX2016"
"5c5239f98b7ced71290393ac","AcuraILX Hybrid2013"
"5c5239fa8b7ced71290393ad","AcuraILX Hybrid2014"
"5c5239fa8b7ced71290393b4","AcuraMDX2003"
"5c5239fa8b7ced71290393b7","AcuraMDX2004"
"5c5239fa8b7ced71290393bb","AcuraMDX2005"
"5c5239fa8b7ced71290393bc","AcuraMDX2006"
"5c5239fa8b7ced71290393bf","AcuraRDX2007"
"5c5239fa8b7ced71290393c1","AcuraRDX2008"
"5c5239fa8b7ced71290393c3","AcuraRDX2009"
"5c5239fa8b7ced71290393c8","AcuraRDX2010"
"5c5239fa8b7ced71290393c9","AcuraRDX2011"
"5c5239fa8b7ced71290393ca","AcuraRDX2012"
"5c5239fa8b7ced71290393cb","AcuraRDX2013"
"5c5239fb8b7ced71290393cd","AcuraRDX2014"
"5c5239fb8b7ced71290393cf","AcuraRDX2015"
"5c5239fb8b7ced71290393d2","AcuraRDX2016"
"5c5239fb8b7ced71290393d3","AcuraRL2005"
"5c5239fb8b7ced71290393d6","AcuraRL2006"
"5c5239fb8b7ced71290393da","AcuraRL2007"
"5c5239fb8b7ced71290393e1","AcuraRL2008"
"5c5239fb8b7ced71290393e2","AcuraRL2009"
"5c5239fb8b7ced71290393e5","AcuraRL2010"
"5c5239fb8b7ced71290393e6","AcuraRL2011"
"5c5239fb8b7ced71290393e7","AcuraRL2012"
"5c5239fb8b7ced71290393ea","AcuraTL2009"
"5c5239fc8b7ced71290393eb","AcuraTL2010"
"5c5239fc8b7ced71290393ee","AcuraTL2011"
"5c5239fc8b7ced71290393f1","AcuraTL2012"
"5c5239fc8b7ced71290393f5","AcuraTL2013"
"5c5239fc8b7ced71290393fb","AcuraTL2014"
"5c5239fc8b7ced7129039402","AcuraTSX2009"
"5c5239fc8b7ced7129039408","AcuraTSX2010"
"5c5239fc8b7ced7129039409","AcuraTSX2011"
"5c5239fc8b7ced712903940a","AcuraTSX2012"
"5c5239fc8b7ced712903940b","AcuraTSX2013"
"5c5239fc8b7ced712903940c","AcuraTSX2014"
"5c5239fc8b7ced712903940d","AcuraZDX2010"
"5c5239fd8b7ced7129039414","AcuraZDX2011"
"5c5239fd8b7ced7129039416","AcuraZDX2012"
"5c5239fd8b7ced7129039417","AcuraZDX2013"
"5c5239fd8b7ced712903941b","AudiA32006"
"5c5239fd8b7ced712903941c","AudiA32007"
"5c5239fd8b7ced7129039422","AudiA32008"
"5c5239fd8b7ced7129039423","AudiA32009"
"5c5239fd8b7ced7129039428","AudiA32010"
"5c5239fd8b7ced712903942b","AudiA32011"
"5c5239fd8b7ced712903942e","AudiA32012"
"5c5239fd8b7ced712903942f","AudiA32013"
"5c5239fd8b7ced7129039431","AudiA42005"
"5c5239fe8b7ced7129039432","AudiA42006"
"5c5239fe8b7ced7129039435","AudiA42007"
"5c5239fe8b7ced7129039438","AudiA42008"
"5c5239fe8b7ced712903943c","AudiA42009"
"5c5239fe8b7ced712903943d","AudiA52010"
"5c5239fe8b7ced712903943e","AudiA52011"
"5c5239fe8b7ced7129039441","AudiA52012"
"5c5239fe8b7ced7129039442","AudiA62003"
"5c5239fe8b7ced7129039447","AudiA62004"
"5c5239fe8b7ced7129039449","AudiA62005"
"5c5239fe8b7ced712903944a","AudiA62006"
"5c5239fe8b7ced712903944d","AudiA62007"
"5c5239ff8b7ced7129039450","AudiA62008"
"5c5239ff8b7ced7129039452","AudiA62009"
"5c5239ff8b7ced7129039455","AudiA62010"
"5c5239ff8b7ced7129039458","AudiA62011"
"5c5239ff8b7ced7129039459","AudiQ52009"
"5c5239ff8b7ced712903945a","AudiQ52010"
"5c5239ff8b7ced7129039460","AudiQ52011"
"5c5239ff8b7ced7129039461","AudiQ52012"
"5c5239ff8b7ced7129039465","AudiR82017"
"5c5239ff8b7ced7129039467","AudiRS 4 Cabriolet2008"
"5c5239ff8b7ced7129039468","AudiRS 4 Sedan2007"
"5c5239ff8b7ced712903946a","AudiRS 4 Sedan2008"
"5c523a008b7ced712903946c","AudiS42005"
"5c523a008b7ced712903946f","AudiS42006"
"5c523a008b7ced7129039471","AudiS42007"
"5c523a008b7ced7129039472","AudiS42008"
"5c523a008b7ced7129039474","AudiS42009"
"5c523a008b7ced7129039477","AudiS52010"
"5c523a008b7ced7129039478","AudiS52011"
"5c523a008b7ced7129039479","AudiS52012"
"5c523a008b7ced712903947a","AudiS62007"
"5c523a008b7ced712903947b","AudiS62008"
"5c523a008b7ced712903947c","AudiS62009"
"5c523a008b7ced712903947e","AudiS62010"
"5c523a018b7ced712903947f","AudiS62011"
"5c523a018b7ced7129039480","AudiTT2016"
"5c523a018b7ced7129039481","AudiTT2017"
"5c523a018b7ced7129039484","BMW128i2008"
"5c523a018b7ced7129039485","BMW128i2009"
"5c523a018b7ced7129039488","BMW128i2010"
"5c523a018b7ced7129039489","BMW128i2011"
"5c523a018b7ced712903948b","BMW128i2012"
"5c523a018b7ced712903948d","BMW128i2013"
"5c523a018b7ced712903948f","BMW135i2008"
"5c523a018b7ced7129039491","BMW135i2009"
"5c523a018b7ced7129039495","BMW135i2010"
"5c523a028b7ced7129039496","BMW135i2011"
"5c523a028b7ced7129039497","BMW135i2012"
"5c523a028b7ced712903949b","BMW135i2013"
"5c523a028b7ced71290394a2","BMW1M2008"
"5c523a028b7ced71290394a9","BMW1M2009"
"5c523a028b7ced71290394b1","BMW1M2010"
"5c523a028b7ced71290394b4","BMW1M2011"
"5c523a028b7ced71290394b5","BMW1M2012"
"5c523a028b7ced71290394b6","BMW1M2013"
"5c523a028b7ced71290394b7","BMW318i2000"
"5c523a028b7ced71290394b8","BMW318i2001"
"5c523a028b7ced71290394ba","BMW318i2002"
"5c523a038b7ced71290394bb","BMW318i2003"
"5c523a038b7ced71290394bc","BMW318i2004"
"5c523a038b7ced71290394bd","BMW318i2005"
"5c523a038b7ced71290394c0","BMW318i2006"
"5c523a038b7ced71290394c1","BMW318i2007"
"5c523a038b7ced71290394c3","BMW318i2008"
"5c523a038b7ced71290394c4","BMW318i2009"
"5c523a038b7ced71290394c7","BMW318i2010"
"5c523a038b7ced71290394ca","BMW318i2011"
"5c523a038b7ced71290394cc","BMW318i2012"
"5c523a038b7ced71290394cf","BMW318i2013"
"5c523a038b7ced71290394d2","BMW318iC2000"
"5c523a048b7ced71290394d4","BMW318iC2001"
"5c523a048b7ced71290394d6","BMW318iC2002"
"5c523a048b7ced71290394d7","BMW318iC2003"
"5c523a048b7ced71290394d8","BMW318iC2004"
"5c523a048b7ced71290394db","BMW318iC2005"
"5c523a048b7ced71290394dc","BMW318iC2006"
"5c523a048b7ced71290394dd","BMW318iC2007"
"5c523a048b7ced71290394de","BMW318iC2008"
"5c523a048b7ced71290394df","BMW318iC2009"
"5c523a048b7ced71290394e0","BMW318iC2010"
"5c523a048b7ced71290394e1","BMW318iC2011"
"5c523a048b7ced71290394e3","BMW318iC2012"
"5c523a058b7ced71290394e6","BMW318iC2013"
"5c523a058b7ced71290394e7","BMW318iS2000"
"5c523a058b7ced71290394e8","BMW318iS2001"
"5c523a058b7ced71290394e9","BMW318iS2002"
"5c523a058b7ced71290394ea","BMW318iS2003"
"5c523a058b7ced71290394ed","BMW318iS2004"
"5c523a058b7ced71290394ee","BMW318iS2005"
"5c523a058b7ced71290394ef","BMW318iS2006"
"5c523a058b7ced71290394f1","BMW318iS2007"
"5c523a058b7ced71290394f2","BMW318iS2008"
"5c523a058b7ced71290394f3","BMW318iS2009"
"5c523a058b7ced71290394f5","BMW318iS2010"
"5c523a068b7ced71290394f7","BMW318iS2011"
"5c523a068b7ced71290394f8","BMW318iS2012"
"5c523a068b7ced71290394f9","BMW318iS2013"
"5c523a068b7ced71290394fd","BMW318ti2000"
"5c523a068b7ced7129039500","BMW318ti2001"
"5c523a068b7ced7129039501","BMW318ti2002"
"5c523a068b7ced7129039502","BMW318ti2003"
"5c523a068b7ced7129039503","BMW318ti2004"
"5c523a068b7ced7129039506","BMW318ti2005"
"5c523a068b7ced7129039507","BMW318ti2006"
"5c523a068b7ced712903950b","BMW318ti2007"
"5c523a068b7ced712903950d","BMW318ti2008"
"5c523a078b7ced7129039516","BMW318ti2009"
"5c523a078b7ced712903951c","BMW318ti2010"
"5c523a078b7ced712903951d","BMW318ti2011"
"5c523a078b7ced712903951f","BMW318ti2012"
"5c523a078b7ced7129039522","BMW318ti2013"
"5c523a078b7ced7129039523","BMW320i2000"
"5c523a078b7ced7129039525","BMW320i2001"
"5c523a078b7ced7129039526","BMW320i2002"
"5c523a078b7ced712903952c","BMW320i2003"
"5c523a078b7ced7129039530","BMW320i2004"
"5c523a078b7ced7129039534","BMW320i2005"
"5c523a078b7ced7129039536","BMW320i2006"
"5c523a088b7ced7129039537","BMW320i2007"
"5c523a088b7ced7129039538","BMW320i2008"
"5c523a088b7ced7129039539","BMW320i2009"
"5c523a088b7ced712903953a","BMW320i2010"
"5c523a088b7ced712903953c","BMW320i2011"
"5c523a088b7ced712903953d","BMW320i2012"
"5c523a088b7ced712903953f","BMW320i2013"
"5c523a088b7ced7129039541","BMW323Ci2000"
"5c523a088b7ced7129039542","BMW323Ci2001"
"5c523a088b7ced7129039543","BMW323Ci2002"
"5c523a088b7ced7129039544","BMW323Ci2003"
"5c523a088b7ced7129039546","BMW323Ci2004"
"5c523a098b7ced7129039549","BMW323Ci2005"
"5c523a098b7ced712903954a","BMW323Ci2006"
"5c523a098b7ced712903954d","BMW323Ci2007"
"5c523a098b7ced712903954e","BMW323Ci2008"
"5c523a098b7ced7129039551","BMW323Ci2009"
"5c523a098b7ced7129039554","BMW323Ci2010"
"5c523a098b7ced7129039555","BMW323Ci2011"
"5c523a098b7ced7129039557","BMW323Ci2012"
"5c523a098b7ced712903955d","BMW323Ci2013"
"5c523a098b7ced712903955e","BMW323i2000"
"5c523a098b7ced7129039562","BMW323i2001"
"5c523a098b7ced7129039566","BMW323i2002"
"5c523a0a8b7ced712903956a","BMW323i2003"
"5c523a0a8b7ced7129039572","BMW323i2004"
"5c523a0a8b7ced7129039574","BMW323i2005"
"5c523a0a8b7ced7129039577","BMW323i2006"
"5c523a0a8b7ced7129039579","BMW323i2007"
"5c523a0a8b7ced712903957e","BMW323i2008"
"5c523a0a8b7ced7129039582","BMW323i2009"
"5c523a0a8b7ced7129039585","BMW323i2010"
"5c523a0a8b7ced712903958a","BMW323i2011"
"5c523a0a8b7ced7129039590","BMW323i2012"
"5c523a0a8b7ced7129039593","BMW323i2013"
"5c523a0a8b7ced7129039599","BMW323iC2000"
"5c523a0b8b7ced712903959e","BMW323iC2001"
"5c523a0b8b7ced71290395a0","BMW323iC2002"
"5c523a0b8b7ced71290395a2","BMW323iC2003"
"5c523a0b8b7ced71290395a3","BMW323iC2004"
"5c523a0b8b7ced71290395a4","BMW323iC2005"
"5c523a0b8b7ced71290395a5","BMW323iC2006"
"5c523a0b8b7ced71290395a6","BMW323iC2007"
"5c523a0b8b7ced71290395a8","BMW323iC2008"
"5c523a0b8b7ced71290395ab","BMW323iC2009"
"5c523a0b8b7ced71290395ac","BMW323iC2010"
"5c523a0b8b7ced71290395ad","BMW323iC2011"
"5c523a0b8b7ced71290395af","BMW323iC2012"
"5c523a0c8b7ced71290395b0","BMW323iC2013"
"5c523a0c8b7ced71290395b1","BMW323is2000"
"5c523a0c8b7ced71290395b2","BMW323is2001"
"5c523a0c8b7ced71290395b5","BMW323is2002"
"5c523a0c8b7ced71290395b6","BMW323is2003"
"5c523a0c8b7ced71290395b9","BMW323is2004"
"5c523a0c8b7ced71290395bc","BMW323is2005"
"5c523a0c8b7ced71290395be","BMW323is2006"
"5c523a0c8b7ced71290395bf","BMW323is2007"
"5c523a0c8b7ced71290395c2","BMW323is2008"
"5c523a0c8b7ced71290395c4","BMW323is2009"
"5c523a0c8b7ced71290395c7","BMW323is2010"
"5c523a0d8b7ced71290395cb","BMW323is2011"
"5c523a0d8b7ced71290395cc","BMW323is2012"
"5c523a0d8b7ced71290395cd","BMW323is2013"
"5c523a0d8b7ced71290395cf","BMW325/325e2000"
"5c523a0d8b7ced71290395d2","BMW325/325e2001"
"5c523a0d8b7ced71290395d3","BMW325/325e2002"
"5c523a0d8b7ced71290395d7","BMW325/325e2003"
"5c523a0d8b7ced71290395d8","BMW325/325e2004"
"5c523a0d8b7ced71290395da","BMW325/325e2005"
"5c523a0d8b7ced71290395db","BMW325/325e2006"
"5c523a0d8b7ced71290395dc","BMW325/325e2007"
"5c523a0d8b7ced71290395e0","BMW325/325e2008"
"5c523a0e8b7ced71290395e1","BMW325/325e2009"
"5c523a0e8b7ced71290395e6","BMW325/325e2010"
"5c523a0e8b7ced71290395e7","BMW325/325e2011"
"5c523a0e8b7ced71290395eb","BMW325/325e2012"
"5c523a0e8b7ced71290395ec","BMW325/325e2013"
"5c523a0e8b7ced71290395f1","BMW325Ci2000"
"5c523a0e8b7ced71290395f5","BMW325Ci2001"
"5c523a0e8b7ced71290395f7","BMW325Ci2002"
"5c523a0e8b7ced71290395f8","BMW325Ci2003"
"5c523a0e8b7ced71290395f9","BMW325Ci2004"
"5c523a0e8b7ced71290395fa","BMW325Ci2005"
"5c523a0f8b7ced71290395fc","BMW325Ci2006"
"5c523a0f8b7ced71290395fd","BMW325Ci2007"
"5c523a0f8b7ced71290395fe","BMW325Ci2008"
"5c523a0f8b7ced7129039602","BMW325Ci2009"
"5c523a0f8b7ced712903961e","BMW325Ci2010"
"5c523a0f8b7ced7129039620","BMW325Ci2011"
"5c523a0f8b7ced7129039635","BMW325Ci2012"
"5c523a0f8b7ced7129039636","BMW325Ci2013"
"5c523a0f8b7ced7129039637","BMW325Cic2000"
"5c523a0f8b7ced7129039639","BMW325Cic2001"
"5c523a0f8b7ced712903963c","BMW325Cic2002"
"5c523a0f8b7ced712903963f","BMW325Cic2003"
"5c523a108b7ced7129039641","BMW325Cic2004"
"5c523a108b7ced7129039643","BMW325Cic2005"
"5c523a108b7ced7129039644","BMW325Cic2006"
"5c523a108b7ced7129039647","BMW325Cic2007"
"5c523a108b7ced712903964a","BMW325Cic2008"
"5c523a108b7ced712903964c","BMW325Cic2009"
"5c523a108b7ced712903964d","BMW325Cic2010"
"5c523a108b7ced7129039650","BMW325Cic2011"
"5c523a108b7ced7129039651","BMW325Cic2012"
"5c523a108b7ced7129039652","BMW325Cic2013"
"5c523a108b7ced7129039653","BMW325e2000"
"5c523a108b7ced7129039654","BMW325e2001"
"5c523a118b7ced7129039658","BMW325e2002"
"5c523a118b7ced712903965b","BMW325e2003"
"5c523a118b7ced712903965e","BMW325e2004"
"5c523a118b7ced712903965f","BMW325e2005"
"5c523a118b7ced7129039661","BMW325e2006"
"5c523a118b7ced7129039662","BMW325e2007"
"5c523a118b7ced7129039665","BMW325e2008"
"5c523a118b7ced7129039668","BMW325e2009"
"5c523a118b7ced7129039669","BMW325e2010"
"5c523a118b7ced712903966b","BMW325e2011"
"5c523a118b7ced712903966c","BMW325e2012"
"5c523a118b7ced712903966d","BMW325e2013"
"5c523a128b7ced712903966f","BMW325i/325is2000"
"5c523a128b7ced7129039670","BMW325i/325is2001"
"5c523a128b7ced7129039673","BMW325i/325is2002"
"5c523a128b7ced7129039675","BMW325i/325is2003"
"5c523a128b7ced7129039676","BMW325i/325is2004"
"5c523a128b7ced7129039678","BMW325i/325is2005"
"5c523a128b7ced712903967b","BMW325i/325is2006"
"5c523a128b7ced712903967c","BMW325i/325is2007"
"5c523a128b7ced712903967d","BMW325i/325is2008"
"5c523a128b7ced7129039680","BMW325i/325is2009"
"5c523a128b7ced7129039683","BMW325i/325is2010"
"5c523a128b7ced7129039684","BMW325i/325is2011"
"5c523a138b7ced7129039687","BMW325i/325is2012"
"5c523a138b7ced7129039688","BMW325i/325is2013"
"5c523a138b7ced712903968b","BMW325i2000"
"5c523a138b7ced712903968d","BMW325i2001"
"5c523a138b7ced712903968f","BMW325i2002"
"5c523a138b7ced7129039692","BMW325i2003"
"5c523a138b7ced7129039694","BMW325i2004"
"5c523a138b7ced7129039695","BMW325i2005"
"5c523a138b7ced7129039698","BMW325i2006"
"5c523a138b7ced712903969b","BMW325i2007"
"5c523a138b7ced712903969d","BMW325i2008"
"5c523a138b7ced712903969e","BMW325i2009"
"5c523a148b7ced71290396a2","BMW325i2010"
"5c523a148b7ced71290396a4","BMW325i2011"
"5c523a148b7ced71290396a6","BMW325i2012"
"5c523a148b7ced71290396a7","BMW325i2013"
"5c523a148b7ced71290396ac","BMW325iC2000"
"5c523a148b7ced71290396ad","BMW325iC2001"
"5c523a148b7ced71290396ae","BMW325iC2002"
"5c523a148b7ced71290396af","BMW325iC2003"
"5c523a148b7ced71290396b0","BMW325iC2004"
"5c523a148b7ced71290396b1","BMW325iC2005"
"5c523a148b7ced71290396b2","BMW325iC2006"
"5c523a148b7ced71290396b3","BMW325iC2007"
"5c523a158b7ced71290396b7","BMW325iC2008"
"5c523a158b7ced71290396b8","BMW325iC2009"
"5c523a158b7ced71290396b9","BMW325iC2010"
"5c523a158b7ced71290396ba","BMW325iC2011"
"5c523a158b7ced71290396bb","BMW325iC2012"
"5c523a158b7ced71290396bc","BMW325iC2013"
"5c523a158b7ced71290396bd","BMW325iS2000"
"5c523a158b7ced71290396c1","BMW325iS2001"
"5c523a158b7ced71290396c7","BMW325iS2002"
"5c523a158b7ced71290396c9","BMW325iS2003"
"5c523a158b7ced71290396ca","BMW325iS2004"
"5c523a158b7ced71290396d7","BMW325iS2005"
"5c523a168b7ced71290396dc","BMW325iS2006"
"5c523a168b7ced71290396df","BMW325iS2007"
"5c523a168b7ced71290396f9","BMW325iS2008"
"5c523a168b7ced71290396fb","BMW325iS2009"
"5c523a168b7ced712903970b","BMW325iS2010"
"5c523a168b7ced712903971f","BMW325iS2011"
"5c523a168b7ced7129039721","BMW325iS2012"
"5c523a168b7ced7129039727","BMW325iS2013"
"5c523a168b7ced712903972a","BMW325iT2000"
"5c523a168b7ced7129039730","BMW325iT2001"
"5c523a168b7ced7129039734","BMW325iT2002"
"5c523a168b7ced7129039737","BMW325iT2003"
"5c523a178b7ced712903973b","BMW325iT2004"
"5c523a178b7ced712903973e","BMW325iT2005"
"5c523a178b7ced7129039741","BMW325iT2006"
"5c523a178b7ced7129039743","BMW325iT2007"
"5c523a178b7ced7129039746","BMW325iT2008"
"5c523a178b7ced7129039749","BMW325iT2009"
"5c523a178b7ced712903974a","BMW325iT2010"
"5c523a178b7ced712903974f","BMW325iT2011"
"5c523a178b7ced7129039751","BMW325iT2012"
"5c523a178b7ced7129039754","BMW325iT2013"
"5c523a178b7ced7129039755","BMW325ix2000"
"5c523a178b7ced7129039758","BMW325ix2001"
"5c523a188b7ced712903975a","BMW325ix2002"
"5c523a188b7ced712903975b","BMW325ix2003"
"5c523a188b7ced712903975c","BMW325ix2004"
"5c523a188b7ced712903975e","BMW325ix2005"
"5c523a188b7ced712903975f","BMW325ix2006"
"5c523a188b7ced7129039760","BMW325ix2007"
"5c523a188b7ced7129039763","BMW325ix2008"
"5c523a188b7ced7129039764","BMW325ix2009"
"5c523a188b7ced7129039765","BMW325ix2010"
"5c523a188b7ced7129039766","BMW325ix2011"
"5c523a188b7ced7129039768","BMW325ix2012"
"5c523a188b7ced7129039769","BMW325ix2013"
"5c523a198b7ced712903976d","BMW325xi2000"
"5c523a198b7ced7129039770","BMW325xi2001"
"5c523a198b7ced7129039773","BMW325xi2002"
"5c523a198b7ced7129039774","BMW325xi2003"
"5c523a198b7ced7129039775","BMW325xi2004"
"5c523a198b7ced7129039776","BMW325xi2005"
"5c523a198b7ced7129039777","BMW325xi2006"
"5c523a198b7ced7129039779","BMW325xi2007"
"5c523a198b7ced712903977c","BMW325xi2008"
"5c523a198b7ced7129039780","BMW325xi2009"
"5c523a198b7ced7129039783","BMW325xi2010"
"5c523a198b7ced7129039785","BMW325xi2011"
"5c523a1a8b7ced7129039787","BMW325xi2012"
"5c523a1a8b7ced712903978a","BMW325xi2013"
"5c523a1a8b7ced712903978b","BMW325xiT2000"
"5c523a1a8b7ced712903978e","BMW325xiT2001"
"5c523a1a8b7ced7129039790","BMW325xiT2002"
"5c523a1a8b7ced7129039791","BMW325xiT2003"
"5c523a1a8b7ced7129039795","BMW325xiT2004"
"5c523a1a8b7ced7129039796","BMW325xiT2005"
"5c523a1a8b7ced7129039799","BMW325xiT2006"
"5c523a1a8b7ced712903979a","BMW325xiT2007"
"5c523a1a8b7ced712903979b","BMW325xiT2008"
"5c523a1a8b7ced712903979e","BMW325xiT2009"
"5c523a1b8b7ced71290397a2","BMW325xiT2010"
"5c523a1b8b7ced71290397a3","BMW325xiT2011"
"5c523a1b8b7ced71290397a5","BMW325xiT2012"
"5c523a1b8b7ced71290397a6","BMW325xiT2013"
"5c523a1b8b7ced71290397a9","BMW328Ci2000"
"5c523a1b8b7ced71290397ab","BMW328Ci2001"
"5c523a1b8b7ced71290397ad","BMW328Ci2002"
"5c523a1b8b7ced71290397ae","BMW328Ci2003"
"5c523a1b8b7ced71290397af","BMW328Ci2004"
"5c523a1b8b7ced71290397b3","BMW328Ci2005"
"5c523a1b8b7ced71290397b6","BMW328Ci2006"
"5c523a1b8b7ced71290397b9","BMW328Ci2007"
"5c523a1c8b7ced71290397bc","BMW328Ci2008"
"5c523a1c8b7ced71290397be","BMW328Ci2009"
"5c523a1c8b7ced71290397bf","BMW328Ci2010"
"5c523a1c8b7ced71290397c2","BMW328Ci2011"
"5c523a1c8b7ced71290397c6","BMW328Ci2012"
"5c523a1c8b7ced71290397c8","BMW328Ci2013"
"5c523a1c8b7ced71290397ca","BMW328d2000"
"5c523a1c8b7ced71290397cb","BMW328d2001"
"5c523a1c8b7ced71290397cc","BMW328d2002"
"5c523a1c8b7ced71290397ce","BMW328d2003"
"5c523a1c8b7ced71290397cf","BMW328d2004"
"5c523a1c8b7ced71290397d0","BMW328d2005"
"5c523a1d8b7ced71290397d3","BMW328d2006"
"5c523a1d8b7ced71290397d4","BMW328d2007"
"5c523a1d8b7ced71290397d5","BMW328d2008"
"5c523a1d8b7ced71290397d6","BMW328d2009"
"5c523a1d8b7ced71290397d7","BMW328d2010"
"5c523a1d8b7ced71290397d8","BMW328d2011"
"5c523a1d8b7ced71290397d9","BMW328d2012"
"5c523a1d8b7ced71290397da","BMW328d2013"
"5c523a1d8b7ced71290397df","BMW328i2000"
"5c523a1d8b7ced71290397e3","BMW328i2001"
"5c523a1d8b7ced71290397e6","BMW328i2002"
"5c523a1d8b7ced71290397e7","BMW328i2003"
"5c523a1e8b7ced71290397ed","BMW328i2004"
"5c523a1e8b7ced71290397ef","BMW328i2005"
"5c523a1e8b7ced71290397f0","BMW328i2006"
"5c523a1e8b7ced71290397f1","BMW328i2007"
"5c523a1e8b7ced71290397f3","BMW328i2008"
"5c523a1e8b7ced71290397f5","BMW328i2009"
"5c523a1e8b7ced71290397f6","BMW328i2010"
"5c523a1e8b7ced71290397f7","BMW328i2011"
"5c523a1e8b7ced71290397f8","BMW328i2012"
"5c523a1e8b7ced71290397f9","BMW328i2013"
"5c523a1e8b7ced71290397fa","BMW328iC2000"
"5c523a1e8b7ced71290397fd","BMW328iC2001"
"5c523a1f8b7ced7129039802","BMW328iC2002"
"5c523a1f8b7ced7129039804","BMW328iC2003"
"5c523a1f8b7ced7129039805","BMW328iC2004"
"5c523a1f8b7ced7129039808","BMW328iC2005"
"5c523a1f8b7ced712903980c","BMW328iC2006"
"5c523a1f8b7ced712903980e","BMW328iC2007"
"5c523a1f8b7ced712903980f","BMW328iC2008"
"5c523a1f8b7ced7129039811","BMW328iC2009"
"5c523a1f8b7ced7129039812","BMW328iC2010"
"5c523a1f8b7ced7129039814","BMW328iC2011"
"5c523a1f8b7ced7129039815","BMW328iC2012"
"5c523a1f8b7ced7129039816","BMW328iC2013"
"5c523a208b7ced7129039818","BMW328iS2000"
"5c523a208b7ced7129039821","BMW328iS2001"
"5c523a208b7ced7129039823","BMW328iS2002"
"5c523a208b7ced7129039824","BMW328iS2003"
"5c523a208b7ced7129039825","BMW328iS2004"
"5c523a208b7ced7129039828","BMW328iS2005"
"5c523a208b7ced7129039829","BMW328iS2006"
"5c523a208b7ced712903982a","BMW328iS2007"
"5c523a208b7ced712903982b","BMW328iS2008"
"5c523a208b7ced712903982c","BMW328iS2009"
"5c523a208b7ced712903982f","BMW328iS2010"
"5c523a208b7ced7129039830","BMW328iS2011"
"5c523a218b7ced7129039832","BMW328iS2012"
"5c523a218b7ced7129039833","BMW328iS2013"
"5c523a218b7ced7129039835","BMW328xi2000"
"5c523a218b7ced7129039838","BMW328xi2001"
"5c523a218b7ced712903983a","BMW328xi2002"
"5c523a218b7ced712903983d","BMW328xi2003"
"5c523a218b7ced7129039840","BMW328xi2004"
"5c523a218b7ced7129039842","BMW328xi2005"
"5c523a218b7ced7129039844","BMW328xi2006"
"5c523a218b7ced7129039846","BMW328xi2007"
"5c523a218b7ced7129039847","BMW328xi2008"
"5c523a218b7ced7129039848","BMW328xi2009"
"5c523a228b7ced712903984a","BMW328xi2010"
"5c523a228b7ced712903984b","BMW328xi2011"
"5c523a228b7ced712903984e","BMW328xi2012"
"5c523a228b7ced7129039850","BMW328xi2013"
"5c523a228b7ced7129039852","BMW330Ci2000"
"5c523a228b7ced7129039854","BMW330Ci2001"
"5c523a228b7ced7129039857","BMW330Ci2002"
"5c523a228b7ced7129039859","BMW330Ci2003"
"5c523a228b7ced712903985b","BMW330Ci2004"
"5c523a228b7ced712903985d","BMW330Ci2005"
"5c523a228b7ced7129039860","BMW330Ci2006"
"5c523a228b7ced7129039861","BMW330Ci2007"
"5c523a238b7ced7129039864","BMW330Ci2008"
"5c523a458b7ced7129039b2f","BMW330Ci2009"
"5c523a468b7ced7129039b31","BMW330Ci2010"
"5c523a468b7ced7129039b32","BMW330Ci2011"
"5c523a468b7ced7129039b33","BMW330Ci2012"
"5c523a468b7ced7129039b34","BMW330Ci2013"
"5c523a468b7ced7129039b36","BMW330Cic2000"
"5c523a468b7ced7129039b37","BMW330Cic2001"
"5c523a468b7ced7129039b38","BMW330Cic2002"
"5c523a468b7ced7129039b3b","BMW330Cic2003"
"5c523a468b7ced7129039b3c","BMW330Cic2004"
"5c523a468b7ced7129039b3f","BMW330Cic2005"
"5c523a468b7ced7129039b40","BMW330Cic2006"
"5c523a468b7ced7129039b45","BMW330Cic2007"
"5c523a478b7ced7129039b48","BMW330Cic2008"
"5c523a478b7ced7129039b4a","BMW330Cic2009"
"5c523a478b7ced7129039b4b","BMW330Cic2010"
"5c523a478b7ced7129039b4c","BMW330Cic2011"
"5c523a478b7ced7129039b4f","BMW330Cic2012"
"5c523a478b7ced7129039b50","BMW330Cic2013"
"5c523a478b7ced7129039b53","BMW330e2000"
"5c523a478b7ced7129039b56","BMW330e2001"
"5c523a478b7ced7129039b5b","BMW330e2002"
"5c523a478b7ced7129039b5e","BMW330e2003"
"5c523a478b7ced7129039b61","BMW330e2004"
"5c523a478b7ced7129039b62","BMW330e2005"
"5c523a488b7ced7129039b68","BMW330e2006"
"5c523a488b7ced7129039b6c","BMW330e2007"
"5c523a488b7ced7129039b6e","BMW330e2008"
"5c523a488b7ced7129039b71","BMW330e2009"
"5c523a488b7ced7129039b72","BMW330e2010"
"5c523a488b7ced7129039b76","BMW330e2011"
"5c523a488b7ced7129039b77","BMW330e2012"
"5c523a488b7ced7129039b7a","BMW330e2013"
"5c523a488b7ced7129039b7b","BMW330i2000"
"5c523a488b7ced7129039b7d","BMW330i2001"
"5c523a488b7ced7129039b81","BMW330i2002"
"5c523a488b7ced7129039b82","BMW330i2003"
"5c523a498b7ced7129039b84","BMW330i2004"
"5c523a498b7ced7129039b87","BMW330i2005"
"5c523a498b7ced7129039b88","BMW330i2006"
"5c523a498b7ced7129039b89","BMW330i2007"
"5c523a498b7ced7129039b8a","BMW330i2008"
"5c523a498b7ced7129039b8b","BMW330i2009"
"5c523a498b7ced7129039b8c","BMW330i2010"
"5c523a498b7ced7129039b90","BMW330i2011"
"5c523a498b7ced7129039b91","BMW330i2012"
"5c523a498b7ced7129039b95","BMW330i2013"
"5c523a498b7ced7129039b9a","BMW330xi2000"
"5c523a498b7ced7129039b9b","BMW330xi2001"
"5c523a4a8b7ced7129039b9d","BMW330xi2002"
"5c523a4a8b7ced7129039b9e","BMW330xi2003"
"5c523a4a8b7ced7129039b9f","BMW330xi2004"
"5c523a4a8b7ced7129039ba0","BMW330xi2005"
"5c523a4a8b7ced7129039ba3","BMW330xi2006"
"5c523a4a8b7ced7129039ba4","BMW330xi2007"
"5c523a4a8b7ced7129039ba5","BMW330xi2008"
"5c523a4a8b7ced7129039ba7","BMW330xi2009"
"5c523a4a8b7ced7129039ba8","BMW330xi2010"
"5c523a4a8b7ced7129039bad","BMW330xi2011"
"5c523a4a8b7ced7129039bae","BMW330xi2012"
"5c523a4a8b7ced7129039baf","BMW330xi2013"
"5c523a4b8b7ced7129039bb1","BMW3352000"
"5c523a4b8b7ced7129039bb2","BMW3352001"
"5c523a4b8b7ced7129039bb5","BMW3352002"
"5c523a4b8b7ced7129039bb6","BMW3352003"
"5c523a4b8b7ced7129039bb7","BMW3352004"
"5c523a4b8b7ced7129039bb8","BMW3352005"
"5c523a4b8b7ced7129039bb9","BMW3352006"
"5c523a4b8b7ced7129039bbc","BMW3352007"
"5c523a4b8b7ced7129039bc1","BMW3352008"
"5c523a4b8b7ced7129039bc4","BMW3352009"
"5c523a4b8b7ced7129039bc9","BMW3352010"
"5c523a4b8b7ced7129039bd2","BMW3352011"
"5c523a4c8b7ced7129039bd5","BMW3352012"
"5c523a4c8b7ced7129039bda","BMW3352013"
"5c523a4c8b7ced7129039bdc","BMW335d2000"
"5c523a4c8b7ced7129039bdd","BMW335d2001"
"5c523a4c8b7ced7129039bdf","BMW335d2002"
"5c523a4c8b7ced7129039be1","BMW335d2003"
"5c523a4c8b7ced7129039be4","BMW335d2004"
"5c523a4c8b7ced7129039be7","BMW335d2005"
"5c523a4c8b7ced7129039bea","BMW335d2006"
"5c523a4c8b7ced7129039beb","BMW335d2007"
"5c523a4c8b7ced7129039bee","BMW335d2008"
"5c523a4c8b7ced7129039bef","BMW335d2009"
"5c523a4d8b7ced7129039bf1","BMW335d2010"
"5c523a4d8b7ced7129039bf4","BMW335d2011"
"5c523a4d8b7ced7129039bf5","BMW335d2012"
"5c523a4d8b7ced7129039bf6","BMW335d2013"
"5c523a4d8b7ced7129039bf7","BMW335i2000"
"5c523a4d8b7ced7129039bf8","BMW335i2001"
"5c523a4d8b7ced7129039bf9","BMW335i2002"
"5c523a4d8b7ced7129039bfa","BMW335i2003"
"5c523a4d8b7ced7129039bfb","BMW335i2004"
"5c523a4d8b7ced7129039bff","BMW335i2005"
"5c523a4d8b7ced7129039c02","BMW335i2006"
"5c523a4d8b7ced7129039c05","BMW335i2007"
"5c523a4e8b7ced7129039c08","BMW335i2008"
"5c523a4e8b7ced7129039c09","BMW335i2009"
"5c523a4e8b7ced7129039c0c","BMW335i2010"
"5c523a4e8b7ced7129039c0e","BMW335i2011"
"5c523a4e8b7ced7129039c10","BMW335i2012"
"5c523a4e8b7ced7129039c15","BMW335i2013"
"5c523a4e8b7ced7129039c19","BMW335is2000"
"5c523a4e8b7ced7129039c1c","BMW335is2001"
"5c523a4e8b7ced7129039c1f","BMW335is2002"
"5c523a4e8b7ced7129039c24","BMW335is2003"
"5c523a4e8b7ced7129039c29","BMW335is2004"
"5c523a4e8b7ced7129039c2c","BMW335is2005"
"5c523a4f8b7ced7129039c30","BMW335is2006"
"5c523a4f8b7ced7129039c34","BMW335is2007"
"5c523a4f8b7ced7129039c38","BMW335is2008"
"5c523a4f8b7ced7129039c3a","BMW335is2009"
"5c523a4f8b7ced7129039c3b","BMW335is2010"
"5c523a4f8b7ced7129039c3e","BMW335is2011"
"5c523a4f8b7ced7129039c3f","BMW335is2012"
"5c523a4f8b7ced7129039c41","BMW335is2013"
"5c523a4f8b7ced7129039c42","BMW335xi2000"
"5c523a4f8b7ced7129039c48","BMW335xi2001"
"5c523a4f8b7ced7129039c4b","BMW335xi2002"
"5c523a4f8b7ced7129039c4f","BMW335xi2003"
"5c523a508b7ced7129039c54","BMW335xi2004"
"5c523a508b7ced7129039c56","BMW335xi2005"
"5c523a508b7ced7129039c5a","BMW335xi2006"
"5c523a508b7ced7129039c5c","BMW335xi2007"
"5c523a508b7ced7129039c5f","BMW335xi2008"
"5c523a508b7ced7129039c60","BMW335xi2009"
"5c523a508b7ced7129039c61","BMW335xi2010"
"5c523a508b7ced7129039c67","BMW335xi2011"
"5c523a508b7ced7129039c6a","BMW335xi2012"
"5c523a508b7ced7129039c6d","BMW335xi2013"
"5c523a508b7ced7129039c6f","BMW340i2000"
"5c523a518b7ced7129039c72","BMW340i2001"
"5c523a518b7ced7129039c7a","BMW340i2002"
"5c523a518b7ced7129039c7c","BMW340i2003"
"5c523a518b7ced7129039c7d","BMW340i2004"
"5c523a518b7ced7129039c80","BMW340i2005"
"5c523a518b7ced7129039c81","BMW340i2006"
"5c523a518b7ced7129039c82","BMW340i2007"
"5c523a518b7ced7129039c89","BMW340i2008"
"5c523a518b7ced7129039c8b","BMW340i2009"
"5c523a518b7ced7129039c8c","BMW340i2010"
"5c523a518b7ced7129039c8e","BMW340i2011"
"5c523a518b7ced7129039c91","BMW340i2012"
"5c523a528b7ced7129039c92","BMW340i2013"
"5c523a528b7ced7129039c94","BMW524td2001"
"5c523a528b7ced7129039ca2","BMW524td2002"
"5c523a528b7ced7129039ca3","BMW524td2003"
"5c523a528b7ced7129039caa","BMW524td2004"
"5c523a528b7ced7129039cc9","BMW524td2005"
"5c523a528b7ced7129039cce","BMW524td2006"
"5c523a528b7ced7129039ce3","BMW524td2007"
"5c523a528b7ced7129039cf4","BMW524td2008"
"5c523a528b7ced7129039cf9","BMW524td2009"
"5c523a528b7ced7129039cfd","BMW524td2010"
"5c523a528b7ced7129039d01","BMW524td2011"
"5c523a538b7ced7129039d03","BMW524td2012"
"5c523a538b7ced7129039d05","BMW524td2013"
"5c523a538b7ced7129039d09","BMW525i2001"
"5c523a538b7ced7129039d0e","BMW525i2002"
"5c523a538b7ced7129039d0f","BMW525i2003"
"5c523a538b7ced7129039d10","BMW525i2004"
"5c523a538b7ced7129039d11","BMW525i2005"
"5c523a538b7ced7129039d14","BMW525i2006"
"5c523a538b7ced7129039d17","BMW525i2007"
"5c523a538b7ced7129039d18","BMW525i2008"
"5c523a538b7ced7129039d1c","BMW525i2009"
"5c523a538b7ced7129039d1d","BMW525i2010"
"5c523a548b7ced7129039d1e","BMW525i2011"
"5c523a548b7ced7129039d20","BMW525i2012"
"5c523a548b7ced7129039d21","BMW525i2013"
"5c523a548b7ced7129039d22","BMW525iA2001"
"5c523a548b7ced7129039d23","BMW525iA2002"
"5c523a548b7ced7129039d26","BMW525iA2003"
"5c523a548b7ced7129039d2b","BMW525iA2004"
"5c523a548b7ced7129039d2d","BMW525iA2005"
"5c523a548b7ced7129039d34","BMW525iA2006"
"5c523a548b7ced7129039d37","BMW525iA2007"
"5c523a548b7ced7129039d3b","BMW525iA2008"
"5c523a548b7ced7129039d41","BMW525iA2009"
"5c523a558b7ced7129039d48","BMW525iA2010"
"5c523a558b7ced7129039d4b","BMW525iA2011"
"5c523a558b7ced7129039d4c","BMW525iA2012"
"5c523a558b7ced7129039d54","BMW525iA2013"
"5c523a558b7ced7129039d55","BMW525iAT2001"
"5c523a558b7ced7129039d58","BMW525iAT2002"
"5c523a558b7ced7129039d59","BMW525iAT2003"
"5c523a558b7ced7129039d5c","BMW525iAT2004"
"5c523a558b7ced7129039d5d","BMW525iAT2005"
"5c523a558b7ced7129039d5e","BMW525iAT2006"
"5c523a558b7ced7129039d60","BMW525iAT2007"
"5c523a558b7ced7129039d65","BMW525iAT2008"
"5c523a568b7ced7129039d68","BMW525iAT2009"
"5c523a568b7ced7129039d6e","BMW525iAT2010"
"5c523a568b7ced7129039d70","BMW525iAT2011"
"5c523a568b7ced7129039d71","BMW525iAT2012"
"5c523a568b7ced7129039d76","BMW525iAT2013"
"5c523a568b7ced7129039d79","BMW525iT2001"
"5c523a568b7ced7129039d7d","BMW525iT2002"
"5c523a568b7ced7129039d80","BMW525iT2003"
"5c523a568b7ced7129039d81","BMW525iT2004"
"5c523a568b7ced7129039d82","BMW525iT2005"
"5c523a568b7ced7129039d83","BMW525iT2006"
"5c523a568b7ced7129039d85","BMW525iT2007"
"5c523a578b7ced7129039d86","BMW525iT2008"
"5c523a578b7ced7129039d8a","BMW525iT2009"
"5c523a578b7ced7129039d8d","BMW525iT2010"
"5c523a578b7ced7129039d8e","BMW525iT2011"
"5c523a578b7ced7129039d91","BMW525iT2012"
"5c523a578b7ced7129039d94","BMW525iT2013"
"5c523a578b7ced7129039d95","BMW525xi2001"
"5c523a578b7ced7129039d98","BMW525xi2002"
"5c523a578b7ced7129039d99","BMW525xi2003"
"5c523a578b7ced7129039d9b","BMW525xi2004"
"5c523a578b7ced7129039d9d","BMW525xi2005"
"5c523a578b7ced7129039da0","BMW525xi2006"
"5c523a588b7ced7129039da3","BMW525xi2007"
"5c523a588b7ced7129039dab","BMW525xi2008"
"5c523a588b7ced7129039daf","BMW525xi2009"
"5c523a588b7ced7129039db0","BMW525xi2010"
"5c523a588b7ced7129039db3","BMW525xi2011"
"5c523a588b7ced7129039db7","BMW525xi2012"
"5c523a588b7ced7129039db9","BMW525xi2013"
"5c523a588b7ced7129039dbc","BMW528e2001"
"5c523a588b7ced7129039dbd","BMW528e2002"
"5c523a588b7ced7129039dc2","BMW528e2003"
"5c523a588b7ced7129039dc5","BMW528e2004"
"5c523a588b7ced7129039dc6","BMW528e2005"
"5c523a598b7ced7129039dc9","BMW528e2006"
"5c523a598b7ced7129039dcd","BMW528e2007"
"5c523a598b7ced7129039dce","BMW528e2008"
"5c523a598b7ced7129039dd1","BMW528e2009"
"5c523a598b7ced7129039dd2","BMW528e2010"
"5c523a598b7ced7129039dd4","BMW528e2011"
"5c523a598b7ced7129039dd5","BMW528e2012"
"5c523a598b7ced7129039dd7","BMW528e2013"
"5c523a598b7ced7129039dde","BMW528i2001"
"5c523a598b7ced7129039de1","BMW528i2002"
"5c523a598b7ced7129039de5","BMW528i2003"
"5c523a598b7ced7129039de6","BMW528i2004"
"5c523a5a8b7ced7129039de8","BMW528i2005"
"5c523a5a8b7ced7129039dea","BMW528i2006"
"5c523a5a8b7ced7129039deb","BMW528i2007"
"5c523a5a8b7ced7129039dec","BMW528i2008"
"5c523a5a8b7ced7129039ded","BMW528i2009"
"5c523a5a8b7ced7129039df0","BMW528i2010"
"5c523a5a8b7ced7129039df1","BMW528i2011"
"5c523a5a8b7ced7129039df2","BMW528i2012"
"5c523a5a8b7ced7129039df3","BMW528i2013"
"5c523a5a8b7ced7129039df5","BMW528xi2001"
"5c523a5a8b7ced7129039df8","BMW528xi2002"
"5c523a5a8b7ced7129039dfa","BMW528xi2003"
"5c523a5b8b7ced7129039dfe","BMW528xi2004"
"5c523a5b8b7ced7129039e00","BMW528xi2005"
"5c523a5b8b7ced7129039e03","BMW528xi2006"
"5c523a5b8b7ced7129039e06","BMW528xi2007"
"5c523a5b8b7ced7129039e07","BMW528xi2008"
"5c523a5b8b7ced7129039e08","BMW528xi2009"
"5c523a5b8b7ced7129039e09","BMW528xi2010"
"5c523a5b8b7ced7129039e0a","BMW528xi2011"
"5c523a5b8b7ced7129039e0d","BMW528xi2012"
"5c523a5b8b7ced7129039e0e","BMW528xi2013"
"5c523a5b8b7ced7129039e13","BMW530e2001"
"5c523a5b8b7ced7129039e14","BMW530e2002"
"5c523a5c8b7ced7129039e16","BMW530e2003"
"5c523a5c8b7ced7129039e18","BMW530e2004"
"5c523a5c8b7ced7129039e19","BMW530e2005"
"5c523a5c8b7ced7129039e1c","BMW530e2006"
"5c523a5c8b7ced7129039e1d","BMW530e2007"
"5c523a5c8b7ced7129039e20","BMW530e2008"
"5c523a5c8b7ced7129039e23","BMW530e2009"
"5c523a5c8b7ced7129039e24","BMW530e2010"
"5c523a5c8b7ced7129039e26","BMW530e2011"
"5c523a5c8b7ced7129039e29","BMW530e2012"
"5c523a5c8b7ced7129039e2a","BMW530e2013"
"5c523a5c8b7ced7129039e2b","BMW530i2001"
"5c523a5d8b7ced7129039e2e","BMW530i2002"
"5c523a5d8b7ced7129039e30","BMW530i2003"
"5c523a5d8b7ced7129039e32","BMW530i2004"
"5c523a5d8b7ced7129039e33","BMW530i2005"
"5c523a5d8b7ced7129039e36","BMW530i2006"
"5c523a5d8b7ced7129039e39","BMW530i2007"
"5c523a5d8b7ced7129039e3b","BMW530i2008"
"5c523a5d8b7ced7129039e3c","BMW530i2009"
"5c523a5d8b7ced7129039e3d","BMW530i2010"
"5c523a5d8b7ced7129039e3e","BMW530i2011"
"5c523a5d8b7ced7129039e40","BMW530i2012"
"5c523a5d8b7ced7129039e41","BMW530i2013"
"5c523a5e8b7ced7129039e42","BMW530iA2001"
"5c523a5e8b7ced7129039e48","BMW530iA2002"
"5c523a5e8b7ced7129039e4b","BMW530iA2003"
"5c523a5e8b7ced7129039e4e","BMW530iA2004"
"5c523a5e8b7ced7129039e4f","BMW530iA2005"
"5c523a5e8b7ced7129039e50","BMW530iA2006"
"5c523a5e8b7ced7129039e51","BMW530iA2007"
"5c523a5e8b7ced7129039e52","BMW530iA2008"
"5c523a5e8b7ced7129039e55","BMW530iA2009"
"5c523a5e8b7ced7129039e56","BMW530iA2010"
"5c523a5e8b7ced7129039e57","BMW530iA2011"
"5c523a5e8b7ced7129039e58","BMW530iA2012"
"5c523a5f8b7ced7129039e5b","BMW530iA2013"
"5c523a5f8b7ced7129039e61","BMW530iT2001"
"5c523a5f8b7ced7129039e62","BMW530iT2002"
"5c523a5f8b7ced7129039e63","BMW530iT2003"
"5c523a5f8b7ced7129039e68","BMW530iT2004"
"5c523a5f8b7ced7129039e69","BMW530iT2005"
"5c523a5f8b7ced7129039e6a","BMW530iT2006"
"5c523a5f8b7ced7129039e6e","BMW530iT2007"
"5c523a5f8b7ced7129039e6f","BMW530iT2008"
"5c523a608b7ced7129039e74","BMW530iT2009"
"5c523a608b7ced7129039e77","BMW530iT2010"
"5c523a608b7ced7129039e78","BMW530iT2011"
"5c523a608b7ced7129039e7b","BMW530iT2012"
"5c523a608b7ced7129039e7e","BMW530iT2013"
"5c523a608b7ced7129039e81","BMW530xi2001"
"5c523a608b7ced7129039e82","BMW530xi2002"
"5c523a608b7ced7129039e83","BMW530xi2003"
"5c523a608b7ced7129039e84","BMW530xi2004"
"5c523a608b7ced7129039e85","BMW530xi2005"
"5c523a608b7ced7129039e86","BMW530xi2006"
"5c523a608b7ced7129039e88","BMW530xi2007"
"5c523a618b7ced7129039e8c","BMW530xi2008"
"5c523a618b7ced7129039e8f","BMW530xi2009"
"5c523a618b7ced7129039e90","BMW530xi2010"
"5c523a618b7ced7129039e92","BMW530xi2011"
"5c523a618b7ced7129039e94","BMW530xi2012"
"5c523a618b7ced7129039e97","BMW530xi2013"
"5c523a618b7ced7129039e99","BMW530xiT2001"
"5c523a618b7ced7129039e9b","BMW530xiT2002"
"5c523a618b7ced7129039e9e","BMW530xiT2003"
"5c523a618b7ced7129039ea0","BMW530xiT2004"
"5c523a618b7ced7129039ea2","BMW530xiT2005"
"5c523a618b7ced7129039ea4","BMW530xiT2006"
"5c523a628b7ced7129039ea9","BMW530xiT2007"
"5c523a628b7ced7129039eab","BMW530xiT2008"
"5c523a628b7ced7129039ead","BMW530xiT2009"
"5c523a628b7ced7129039eb0","BMW530xiT2010"
"5c523a628b7ced7129039eb5","BMW530xiT2011"
"5c523a628b7ced7129039eb6","BMW530xiT2012"
"5c523a628b7ced7129039eb8","BMW530xiT2013"
"5c523a628b7ced7129039eb9","BMW533i2001"
"5c523a628b7ced7129039eba","BMW533i2002"
"5c523a628b7ced7129039ebb","BMW533i2003"
"5c523a628b7ced7129039ebc","BMW533i2004"
"5c523a628b7ced7129039ebd","BMW533i2005"
"5c523a638b7ced7129039ec4","BMW533i2006"
"5c523a638b7ced7129039ec5","BMW533i2007"
"5c523a638b7ced7129039ec9","BMW533i2008"
"5c523a638b7ced7129039eca","BMW533i2009"
"5c523a638b7ced7129039ece","BMW533i2010"
"5c523a638b7ced7129039ed0","BMW533i2011"
"5c523a638b7ced7129039ed3","BMW533i2012"
"5c523a638b7ced7129039ed4","BMW533i2013"
"5c523a638b7ced7129039ed5","BMW535d2001"
"5c523a638b7ced7129039ed7","BMW535d2002"
"5c523a638b7ced7129039ed8","BMW535d2003"
"5c523a648b7ced7129039ed9","BMW535d2004"
"5c523a648b7ced7129039edb","BMW535d2005"
"5c523a648b7ced7129039edf","BMW535d2006"
"5c523a648b7ced7129039ee2","BMW535d2007"
"5c523a648b7ced7129039ee5","BMW535d2008"
"5c523a648b7ced7129039ee8","BMW535d2009"
"5c523a648b7ced7129039ef2","BMW535d2010"
"5c523a648b7ced7129039ef5","BMW535d2011"
"5c523a648b7ced7129039eff","BMW535d2012"
"5c523a648b7ced7129039f02","BMW535d2013"
"5c523a648b7ced7129039f05","BMW535i/535is2001"
"5c523a648b7ced7129039f07","BMW535i/535is2002"
"5c523a658b7ced7129039f0d","BMW535i/535is2003"
"5c523a658b7ced7129039f10","BMW535i/535is2004"
"5c523a658b7ced7129039f16","BMW535i/535is2005"
"5c523a658b7ced7129039f1c","BMW535i/535is2006"
"5c523a658b7ced7129039f1e","BMW535i/535is2007"
"5c523a658b7ced7129039f1f","BMW535i/535is2008"
"5c523a658b7ced7129039f20","BMW535i/535is2009"
"5c523a658b7ced7129039f21","BMW535i/535is2010"
"5c523a658b7ced7129039f23","BMW535i/535is2011"
"5c523a658b7ced7129039f26","BMW535i/535is2012"
"5c523a658b7ced7129039f2e","BMW535i/535is2013"
"5c523a658b7ced7129039f2f","BMW535i2001"
"5c523a668b7ced7129039f32","BMW535i2002"
"5c523a668b7ced7129039f36","BMW535i2003"
"5c523a668b7ced7129039f37","BMW535i2004"
"5c523a668b7ced7129039f3a","BMW535i2005"
"5c523a668b7ced7129039f3b","BMW535i2006"
"5c523a668b7ced7129039f3c","BMW535i2007"
"5c523a668b7ced7129039f3d","BMW535i2008"
"5c523a668b7ced7129039f42","BMW535i2009"
"5c523a668b7ced7129039f43","BMW535i2010"
"5c523a668b7ced7129039f46","BMW535i2011"
"5c523a668b7ced7129039f47","BMW535i2012"
"5c523a668b7ced7129039f48","BMW535i2013"
"5c523a678b7ced7129039f49","BMW535xi2001"
"5c523a678b7ced7129039f4c","BMW535xi2002"
"5c523a678b7ced7129039f4d","BMW535xi2003"
"5c523a678b7ced7129039f4e","BMW535xi2004"
"5c523a678b7ced7129039f50","BMW535xi2005"
"5c523a678b7ced7129039f51","BMW535xi2006"
"5c523a678b7ced7129039f52","BMW535xi2007"
"5c523a678b7ced7129039f55","BMW535xi2008"
"5c523a678b7ced7129039f56","BMW535xi2009"
"5c523a678b7ced7129039f58","BMW535xi2010"
"5c523a678b7ced7129039f5a","BMW535xi2011"
"5c523a678b7ced7129039f5d","BMW535xi2012"
"5c523a688b7ced7129039f5f","BMW535xi2013"
"5c523a688b7ced7129039f62","BMW540d2001"
"5c523a688b7ced7129039f63","BMW540d2002"
"5c523a688b7ced7129039f66","BMW540d2003"
"5c523a688b7ced7129039f68","BMW540d2004"
"5c523a688b7ced7129039f6c","BMW540d2005"
"5c523a688b7ced7129039f6d","BMW540d2006"
"5c523a688b7ced7129039f70","BMW540d2007"
"5c523a688b7ced7129039f73","BMW540d2008"
"5c523a688b7ced7129039f75","BMW540d2009"
"5c523a688b7ced7129039f76","BMW540d2010"
"5c523a688b7ced7129039f7a","BMW540d2011"
"5c523a698b7ced7129039f7d","BMW540d2012"
"5c523a698b7ced7129039f81","BMW540d2013"
"5c523a698b7ced7129039f86","BMW540i2001"
"5c523a698b7ced7129039f87","BMW540i2002"
"5c523a698b7ced7129039f8b","BMW540i2003"
"5c523a698b7ced7129039f8d","BMW540i2004"
"5c523a698b7ced7129039f8f","BMW540i2005"
"5c523a698b7ced7129039f90","BMW540i2006"
"5c523a698b7ced7129039f93","BMW540i2007"
"5c523a698b7ced7129039f94","BMW540i2008"
"5c523a698b7ced7129039f98","BMW540i2009"
"5c523a698b7ced7129039f99","BMW540i2010"
"5c523a6a8b7ced7129039f9c","BMW540i2011"
"5c523a6a8b7ced7129039fa1","BMW540i2012"
"5c523a6a8b7ced7129039fa5","BMW540i2013"
"5c523a6a8b7ced7129039fab","BMW540iA2001"
"5c523a6a8b7ced7129039fac","BMW540iA2002"
"5c523a6a8b7ced7129039fae","BMW540iA2003"
"5c523a6a8b7ced7129039faf","BMW540iA2004"
"5c523a6a8b7ced7129039fb0","BMW540iA2005"
"5c523a6a8b7ced7129039fb1","BMW540iA2006"
"5c523a6a8b7ced7129039fb2","BMW540iA2007"
"5c523a6a8b7ced7129039fb3","BMW540iA2008"
"5c523a6a8b7ced7129039fb4","BMW540iA2009"
"5c523a6b8b7ced7129039fb9","BMW540iA2010"
"5c523a6b8b7ced7129039fbd","BMW540iA2011"
"5c523a6b8b7ced7129039fbe","BMW540iA2012"
"5c523a6b8b7ced7129039fbf","BMW540iA2013"
"5c523a6b8b7ced7129039fc0","BMW540iAT2001"
"5c523a6b8b7ced7129039fc2","BMW540iAT2002"
"5c523a6b8b7ced7129039fc3","BMW540iAT2003"
"5c523a6b8b7ced7129039fc5","BMW540iAT2004"
"5c523a6b8b7ced7129039fc6","BMW540iAT2005"
"5c523a6b8b7ced7129039fc7","BMW540iAT2006"
"5c523a6b8b7ced7129039fcd","BMW540iAT2007"
"5c523a6b8b7ced7129039fcf","BMW540iAT2008"
"5c523a6c8b7ced7129039fd0","BMW540iAT2009"
"5c523a6c8b7ced7129039fd4","BMW540iAT2010"
"5c523a6c8b7ced7129039fd8","BMW540iAT2011"
"5c523a6c8b7ced7129039fda","BMW540iAT2012"
"5c523a6c8b7ced7129039fdb","BMW540iAT2013"
"5c523a6c8b7ced7129039fde","BMW545i2001"
"5c523a6c8b7ced7129039fdf","BMW545i2002"
"5c523a6c8b7ced7129039fe0","BMW545i2003"
"5c523a6c8b7ced7129039fe1","BMW545i2004"
"5c523a6c8b7ced7129039fe2","BMW545i2005"
"5c523a6c8b7ced7129039fe9","BMW545i2006"
"5c523a6c8b7ced7129039fea","BMW545i2007"
"5c523a6d8b7ced7129039feb","BMW545i2008"
"5c523a6d8b7ced7129039fef","BMW545i2009"
"5c523a6d8b7ced7129039ff1","BMW545i2010"
"5c523a6d8b7ced7129039ff2","BMW545i2011"
"5c523a6d8b7ced7129039ff5","BMW545i2012"
"5c523a6d8b7ced7129039ff6","BMW545i2013"
"5c523a6d8b7ced7129039ffa","BMW550i2001"
"5c523a6d8b7ced7129039ffb","BMW550i2002"
"5c523a6d8b7ced7129039ffd","BMW550i2003"
"5c523a6d8b7ced7129039ffe","BMW550i2004"
"5c523a6d8b7ced712903a005","BMW550i2005"
"5c523a6d8b7ced712903a007","BMW550i2006"
"5c523a6e8b7ced712903a00b","BMW550i2007"
"5c523a6e8b7ced712903a00d","BMW550i2008"
"5c523a6e8b7ced712903a00e","BMW550i2009"
"5c523a6e8b7ced712903a011","BMW550i2010"
"5c523a6e8b7ced712903a014","BMW550i2011"
"5c523a6e8b7ced712903a016","BMW550i2012"
"5c523a6e8b7ced712903a017","BMW550i2013"
"5c523a6e8b7ced712903a018","BMWX12013"
"5c523a6e8b7ced712903a01b","BMWX12014"
"5c523a6e8b7ced712903a01c","BMWX12015"
"5c523a6e8b7ced712903a01d","BMWX32007"
"5c523a6e8b7ced712903a022","BMWX32008"
"5c523a6f8b7ced712903a023","BMWX32009"
"5c523a6f8b7ced712903a026","BMWX32010"
"5c523a6f8b7ced712903a027","BMWX52001"
"5c523a6f8b7ced712903a02a","BMWX52002"
"5c523a6f8b7ced712903a02b","BMWX52003"
"5c523a6f8b7ced712903a02c","BMWX52007"
"5c523a6f8b7ced712903a02e","BMWX52008"
"5c523a6f8b7ced712903a030","BMWX52009"
"5c523a6f8b7ced712903a032","BMWX52010"
"5c523a6f8b7ced712903a033","BMWX52011"
"5c523a6f8b7ced712903a037","BMWX52012"
"5c523a6f8b7ced712903a038","BMWX52013"
"5c523a708b7ced712903a039","BMWX62008"
"5c523a968b7ced712903a308","BMWX62009"
"5c523a968b7ced712903a30a","BMWX62010"
"5c523a968b7ced712903a30b","BMWX62011"
"5c523a968b7ced712903a30e","BMWX62012"
"5c523a978b7ced712903a30f","BMWX62013"
"5c523a978b7ced712903a311","BMWX62014"
"5c523a978b7ced712903a312","CadillacEscalade2007"
"5c523a978b7ced712903a313","CadillacEscalade2008"
"5c523a978b7ced712903a319","CadillacEscalade2009"
"5c523a978b7ced712903a31a","CadillacEscalade2010"
"5c523a978b7ced712903a31d","CadillacEscalade2011"
"5c523a978b7ced712903a323","CadillacEscalade2012"
"5c523a978b7ced712903a325","CadillacEscalade2013"
"5c523a978b7ced712903a326","CadillacEscalade2014"
"5c523a978b7ced712903a32c","ChevroletAvalanche2007"
"5c523a978b7ced712903a32f","ChevroletAvalanche2008"
"5c523a988b7ced712903a333","ChevroletAvalanche2009"
"5c523a988b7ced712903a335","ChevroletAvalanche2010"
"5c523a988b7ced712903a337","ChevroletAvalanche2011"
"5c523a988b7ced712903a338","ChevroletAvalanche2012"
"5c523a988b7ced712903a33b","ChevroletAvalanche2013"
"5c523a988b7ced712903a33e","ChevroletSilverado2007"
"5c523a988b7ced712903a342","ChevroletSilverado2008"
"5c523a988b7ced712903a345","ChevroletSilverado2009"
"5c523a988b7ced712903a346","ChevroletSilverado2010"
"5c523a988b7ced712903a347","ChevroletSilverado2011"
"5c523a988b7ced712903a349","ChevroletSilverado2012"
"5c523a988b7ced712903a34a","ChevroletSilverado2013"
"5c523a998b7ced712903a34d","ChevroletSilverado2014"
"5c523a998b7ced712903a351","ChevroletSuburban2007"
"5c523a998b7ced712903a352","ChevroletSuburban2008"
"5c523a998b7ced712903a353","ChevroletSuburban2009"
"5c523a998b7ced712903a356","ChevroletSuburban2010"
"5c523a998b7ced712903a357","ChevroletSuburban2011"
"5c523a998b7ced712903a35a","ChevroletSuburban2012"
"5c523a998b7ced712903a35b","ChevroletSuburban2013"
"5c523a998b7ced712903a35c","ChevroletSuburban2014"
"5c523a998b7ced712903a35f","ChevroletTahoe2007"
"5c523a998b7ced712903a361","ChevroletTahoe2008"
"5c523a998b7ced712903a362","ChevroletTahoe2009"
"5c523a9a8b7ced712903a363","ChevroletTahoe2010"
"5c523a9a8b7ced712903a365","ChevroletTahoe2011"
"5c523a9a8b7ced712903a368","ChevroletTahoe2012"
"5c523a9a8b7ced712903a36b","ChevroletTahoe2013"
"5c523a9a8b7ced712903a36c","ChevroletTahoe2014"
"5c523a9a8b7ced712903a36d","Chrysler3002005"
"5c523a9a8b7ced712903a36e","Chrysler3002006"
"5c523a9a8b7ced712903a36f","Chrysler3002007"
"5c523a9a8b7ced712903a371","Chrysler3002008"
"5c523a9a8b7ced712903a372","Chrysler3002009"
"5c523a9a8b7ced712903a374","Chrysler3002010"
"5c523a9a8b7ced712903a375","Chrysler3002011"
"5c523a9b8b7ced712903a378","Chrysler3002012"
"5c523a9b8b7ced712903a37c","Chrysler3002013"
"5c523a9b8b7ced712903a382","Chrysler3002014"
"5c523a9b8b7ced712903a385","Chrysler3002015"
"5c523a9b8b7ced712903a389","ChryslerAspen2007"
"5c523a9b8b7ced712903a38a","ChryslerAspen2008"
"5c523a9b8b7ced712903a391","ChryslerAspen2009"
"5c523a9b8b7ced712903a397","ChryslerCrossfire2007"
"5c523a9b8b7ced712903a39b","ChryslerCrossfire2008"
"5c523a9b8b7ced712903a39e","DodgeChallenger2008"
"5c523a9b8b7ced712903a3a3","DodgeChallenger2009"
"5c523a9b8b7ced712903a3a6","DodgeChallenger2010"
"5c523a9c8b7ced712903a3a7","DodgeChallenger2011"
"5c523a9c8b7ced712903a3ab","DodgeChallenger2012"
"5c523a9c8b7ced712903a3ae","DodgeChallenger2013"
"5c523a9c8b7ced712903a3b2","DodgeChallenger2014"
"5c523a9c8b7ced712903a3b4","DodgeCharger2006"
"5c523a9c8b7ced712903a3b7","DodgeCharger2007"
"5c523a9c8b7ced712903a3bf","DodgeCharger2008"
"5c523a9c8b7ced712903a3c2","DodgeCharger2009"
"5c523a9c8b7ced712903a3c9","DodgeCharger2010"
"5c523a9c8b7ced712903a3ce","DodgeCharger2011"
"5c523a9c8b7ced712903a3cf","DodgeCharger2012"
"5c523a9c8b7ced712903a3d4","DodgeCharger2013"
"5c523a9d8b7ced712903a3d7","DodgeCharger2014"
"5c523a9d8b7ced712903a3dc","DodgeCharger2015"
"5c523a9d8b7ced712903a3e0","DodgeDakota2005"
"5c523a9d8b7ced712903a3e3","DodgeDakota2006"
"5c523a9d8b7ced712903a3e7","DodgeDakota2007"
"5c523a9d8b7ced712903a3e9","DodgeDakota2008"
"5c523a9d8b7ced712903a3ec","DodgeDakota2009"
"5c523a9d8b7ced712903a3ef","DodgeDakota2010"
"5c523a9d8b7ced712903a3f3","DodgeDakota2011"
"5c523a9d8b7ced712903a3f6","DodgeDurango2004"
"5c523a9d8b7ced712903a3fb","DodgeDurango2005"
"5c523a9e8b7ced712903a3fd","DodgeDurango2006"
"5c523a9e8b7ced712903a401","DodgeDurango2007"
"5c523a9e8b7ced712903a406","DodgeDurango2008"
"5c523a9e8b7ced712903a40b","DodgeDurango2009"
"5c523a9e8b7ced712903a420","DodgeMagnum2005"
"5c523a9e8b7ced712903a437","DodgeMagnum2006"
"5c523a9e8b7ced712903a43b","DodgeMagnum2007"
"5c523a9e8b7ced712903a43d","DodgeMagnum2008"
"5c523a9e8b7ced712903a442","DodgeRam2003"
"5c523a9e8b7ced712903a443","DodgeRam2004"
"5c523a9e8b7ced712903a447","DodgeRam2005"
"5c523a9e8b7ced712903a44c","DodgeRam2006"
"5c523a9f8b7ced712903a44f","DodgeRam2007"
"5c523a9f8b7ced712903a453","DodgeRam2008"
"5c523a9f8b7ced712903a456","DodgeRam2009"
"5c523a9f8b7ced712903a459","DodgeRam2010"
"5c523a9f8b7ced712903a45a","Ferrari458 Italia2010"
"5c523a9f8b7ced712903a45f","Ferrari458 Italia2011"
"5c523a9f8b7ced712903a461","Ferrari458 Italia2012"
"5c523a9f8b7ced712903a467","Ferrari458 Italia2013"
"5c523a9f8b7ced712903a468","Ferrari458 Italia2014"
"5c523a9f8b7ced712903a469","Ferrari458 Italia2015"
"5c523a9f8b7ced712903a46a","Ferrari458 Speciale2014"
"5c523a9f8b7ced712903a46c","Ferrari458 Speciale2015"
"5c523aa08b7ced712903a46d","Ferrari458 Speciale A2015"
"5c523aa08b7ced712903a46e","Ferrari458 Spider2012"
"5c523aa08b7ced712903a472","Ferrari458 Spider2013"
"5c523aa08b7ced712903a473","Ferrari458 Spider2014"
"5c523aa08b7ced712903a474","Ferrari458 Spider2015"
"5c523aa08b7ced712903a478","Ferrari488 GTB2016"
"5c523aa08b7ced712903a479","Ferrari488 GTB2017"
"5c523aa08b7ced712903a47c","Ferrari488 Spider2016"
"5c523aa08b7ced712903a47d","Ferrari488 Spider2017"
"5c523aa08b7ced712903a47f","FerrariCalifornia2009"
"5c523aa08b7ced712903a480","FerrariCalifornia2010"
"5c523aa08b7ced712903a483","FerrariCalifornia2011"
"5c523aa18b7ced712903a485","FerrariCalifornia2012"
"5c523aa18b7ced712903a487","FerrariCalifornia2013"
"5c523aa18b7ced712903a489","FerrariCalifornia2014"
"5c523aa18b7ced712903a48c","FerrariCalifornia T2015"
"5c523aa18b7ced712903a48d","FerrariCalifornia T2016"
"5c523aa18b7ced712903a48f","FerrariCalifornia T2017"
"5c523aa18b7ced712903a492","FerrariF122013"
"5c523aa18b7ced712903a497","FerrariF122014"
"5c523aa18b7ced712903a49b","FerrariF122015"
"5c523aa18b7ced712903a4a2","FerrariF122016"
"5c523aa18b7ced712903a4a3","FerrariF122017"
"5c523aa18b7ced712903a4a8","FerrariF12 tdf2016"
"5c523aa28b7ced712903a4ab","FerrariF12 tdf2017"
"5c523aa28b7ced712903a4b2","FerrariF602016"
"5c523aa28b7ced712903a4b5","FerrariFF2012"
"5c523aa28b7ced712903a4b8","FerrariFF2013"
"5c523aa28b7ced712903a4bb","FerrariFF2014"
"5c523aa28b7ced712903a4bc","FerrariFF2015"
"5c523aa28b7ced712903a4bd","FerrariFF2016"
"5c523aa28b7ced712903a4be","FerrariGTC4Lusso2017"
"5c523aa28b7ced712903a4bf","FordEdge2007"
"5c523aa28b7ced712903a4c0","FordEdge2008"
"5c523aa28b7ced712903a4c1","FordEdge2009"
"5c523aa28b7ced712903a4c2","FordEdge2010"
"5c523aa38b7ced712903a4c3","FordFusion2006"
"5c523aa38b7ced712903a4c6","FordFusion2007"
"5c523aa38b7ced712903a4c8","FordFusion2008"
"5c523aa38b7ced712903a4c9","FordFusion2009"
"5c523aa38b7ced712903a4cc","FordFusion2010"
"5c523aa38b7ced712903a4cd","FordFusion2011"
"5c523aa38b7ced712903a4ce","FordFusion2012"
"5c523aa38b7ced712903a4d1","FordGT2005"
"5c523aa38b7ced712903a4d3","FordGT2006"
"5c523aa38b7ced712903a4d5","FordMustang2005"
"5c523aa38b7ced712903a4d6","FordMustang2006"
"5c523aa38b7ced712903a4dd","FordMustang2007"
"5c523aa48b7ced712903a4df","FordMustang2008"
"5c523aa48b7ced712903a4e2","FordMustang2009"
"5c523aa48b7ced712903a4e6","FordMustang2010"
"5c523aa48b7ced712903a4e7","FordMustang2011"
"5c523aa48b7ced712903a4e8","FordMustang2012"
"5c523aa48b7ced712903a4e9","FordMustang2013"
"5c523aa48b7ced712903a4ea","FordMustang2014"
"5c523aa48b7ced712903a4eb","FordRanger2004"
"5c523aa48b7ced712903a4ec","FordRanger2005"
"5c523aa48b7ced712903a4ed","FordRanger2006"
"5c523aa48b7ced712903a4ee","FordRanger2007"
"5c523aa48b7ced712903a4f0","FordRanger2008"
"5c523aa58b7ced712903a4f3","FordRanger2009"
"5c523aa58b7ced712903a4f4","FordRanger2010"
"5c523aa58b7ced712903a4f6","FordRanger2011"
"5c523aa58b7ced712903a4f7","GMCSierra2007"
"5c523aa58b7ced712903a4f8","GMCSierra2008"
"5c523aa58b7ced712903a4f9","GMCSierra2009"
"5c523aa58b7ced712903a4fa","GMCSierra2010"
"5c523aa58b7ced712903a4fb","GMCSierra2011"
"5c523aa58b7ced712903a4fe","GMCSierra2012"
"5c523aa58b7ced712903a4ff","GMCSierra2013"
"5c523aa58b7ced712903a502","GMCSierra2014"
"5c523aa58b7ced712903a505","GMCYukon2007"
"5c523aa68b7ced712903a506","GMCYukon2008"
"5c523aa68b7ced712903a508","GMCYukon2009"
"5c523aa68b7ced712903a509","GMCYukon2010"
"5c523aa68b7ced712903a50a","GMCYukon2011"
"5c523aa68b7ced712903a50f","GMCYukon2012"
"5c523aa68b7ced712903a511","GMCYukon2013"
"5c523aa68b7ced712903a515","GMCYukon2014"
"5c523aa68b7ced712903a518","GMCYukon XL2007"
"5c523aa68b7ced712903a51c","GMCYukon XL2008"
"5c523aa68b7ced712903a521","GMCYukon XL2009"
"5c523aa68b7ced712903a523","GMCYukon XL2010"
"5c523aa68b7ced712903a528","GMCYukon XL2011"
"5c523aa78b7ced712903a529","GMCYukon XL2012"
"5c523aa78b7ced712903a52b","GMCYukon XL2013"
"5c523aa78b7ced712903a532","GMCYukon XL2014"
"5c523aa78b7ced712903a533","HondaAccord2001"
"5c523aa78b7ced712903a534","HondaAccord2002"
"5c523aa78b7ced712903a535","HondaAccord2003"
"5c523aa78b7ced712903a536","HondaAccord2004"
"5c523aa78b7ced712903a537","HondaAccord2005"
"5c523aa78b7ced712903a539","HondaAccord2006"
"5c523aa78b7ced712903a53a","HondaAccord2007"
"5c523aa78b7ced712903a53b","HondaAccord2008"
"5c523aa78b7ced712903a53d","HondaAccord2009"
"5c523aa88b7ced712903a53f","HondaAccord2010"
"5c523aa88b7ced712903a541","HondaAccord2011"
"5c523aa88b7ced712903a543","HondaAccord2012"
"5c523aa88b7ced712903a546","HondaCivic2001"
"5c523aa88b7ced712903a547","HondaCivic2002"
"5c523aa88b7ced712903a548","HondaCivic2003"
"5c523aa88b7ced712903a549","HondaCivic2004"
"5c523aa88b7ced712903a54d","HondaCivic2005"
"5c523aa88b7ced712903a550","HondaCivic2006"
"5c523aa88b7ced712903a551","HondaCivic2007"
"5c523aa88b7ced712903a553","HondaCivic2008"
"5c523aa88b7ced712903a556","HondaCivic2009"
"5c523aa98b7ced712903a559","HondaCivic2010"
"5c523aa98b7ced712903a55e","HondaCivic2011"
"5c523aa98b7ced712903a560","HondaCivic Hybrid2003"
"5c523aa98b7ced712903a561","HondaCivic Hybrid2004"
"5c523aa98b7ced712903a562","HondaCivic Hybrid2005"
"5c523aa98b7ced712903a563","HondaCivic Hybrid2006"
"5c523aa98b7ced712903a566","HondaCivic Hybrid2007"
"5c523aa98b7ced712903a568","HondaCivic Hybrid2008"
"5c523aa98b7ced712903a569","HondaCivic Hybrid2009"
"5c523aa98b7ced712903a56a","HondaCivic Hybrid2010"
"5c523aa98b7ced712903a56b","HondaCivic Hybrid2011"
"5c523aa98b7ced712903a56d","HondaCivic NGV2001"
"5c523aaa8b7ced712903a56e","HondaCivic NGV2002"
"5c523aaa8b7ced712903a570","HondaCivic NGV2003"
"5c523aaa8b7ced712903a573","HondaCivic NGV2004"
"5c523aaa8b7ced712903a574","HondaCivic NGV2005"
"5c523aaa8b7ced712903a578","HondaCivic NGV2006"
"5c523aaa8b7ced712903a57a","HondaCivic NGV2007"
"5c523aaa8b7ced712903a57b","HondaCivic NGV2008"
"5c523aaa8b7ced712903a57c","HondaCivic NGV2009"
"5c523aaa8b7ced712903a57f","HondaCivic NGV2010"
"5c523aaa8b7ced712903a585","HondaCivic NGV2011"
"5c523aaa8b7ced712903a586","HondaCrosstour2010"
"5c523aaa8b7ced712903a589","HondaCrosstour2011"
"5c523aab8b7ced712903a58a","HondaCrosstour2012"
"5c523aab8b7ced712903a58d","HondaCrosstour2013"
"5c523aab8b7ced712903a58e","HondaCrosstour2014"
"5c523aab8b7ced712903a591","HondaCrosstour2015"
"5c523aab8b7ced712903a594","HondaCR-V2002"
"5c523aab8b7ced712903a599","HondaCR-V2003"
"5c523aab8b7ced712903a59b","HondaCR-V2004"
"5c523aab8b7ced712903a59e","HondaCR-V2005"
"5c523aab8b7ced712903a59f","HondaCR-V2006"
"5c523aab8b7ced712903a5a0","HondaCR-V2007"
"5c523aab8b7ced712903a5a1","HondaCR-V2008"
"5c523aab8b7ced712903a5a3","HondaCR-V2009"
"5c523aac8b7ced712903a5a4","HondaCR-V2010"
"5c523aac8b7ced712903a5a8","HondaCR-V2011"
"5c523aac8b7ced712903a5a9","HondaCR-Z2011"
"5c523aac8b7ced712903a5ac","HondaCR-Z2012"
"5c523aac8b7ced712903a5af","HondaCR-Z2013"
"5c523aac8b7ced712903a5b4","HondaCR-Z2014"
"5c523aac8b7ced712903a5b7","HondaCR-Z2015"
"5c523aac8b7ced712903a5bb","HondaElement2003"
"5c523aac8b7ced712903a5c1","HondaElement2004"
"5c523aac8b7ced712903a5c4","HondaElement2005"
"5c523aac8b7ced712903a5c6","HondaElement2006"
"5c523aac8b7ced712903a5c7","HondaElement2007"
"5c523aad8b7ced712903a5ca","HondaElement2008"
"5c523aad8b7ced712903a5ce","HondaElement2009"
"5c523aad8b7ced712903a5d0","HondaElement2010"
"5c523aad8b7ced712903a5d3","HondaElement2011"
"5c523aad8b7ced712903a5d6","HondaFCX Clarity2010"
"5c523aad8b7ced712903a5d7","HondaFCX Clarity2011"
"5c523aad8b7ced712903a5d8","HondaFCX Clarity2012"
"5c523aad8b7ced712903a5d9","HondaFCX Clarity2013"
"5c523aad8b7ced712903a5da","HondaFCX Clarity2014"
"5c523aad8b7ced712903a5dd","HondaFit2007"
"5c523aad8b7ced712903a5df","HondaFit2008"
"5c523aad8b7ced712903a5e1","HondaFit2009"
"5c523aae8b7ced712903a5e4","HondaFit2010"
"5c523aae8b7ced712903a5e6","HondaFit2011"
"5c523aae8b7ced712903a5e9","HondaFit2012"
"5c523aae8b7ced712903a5ea","HondaFit2013"
"5c523aae8b7ced712903a5ee","HondaFit EV2013"
"5c523aae8b7ced712903a5f1","HondaFit EV2014"
"5c523aae8b7ced712903a5f6","HondaInsight2010"
"5c523aae8b7ced712903a5f9","HondaInsight2011"
"5c523aae8b7ced712903a5fd","HondaInsight2012"
"5c523aae8b7ced712903a602","HondaInsight2013"
"5c523aae8b7ced712903a604","HondaInsight2014"
"5c523aae8b7ced712903a60a","HondaOdyssey2002"
"5c523aaf8b7ced712903a60b","HondaOdyssey2003"
"5c523aaf8b7ced712903a611","HondaOdyssey2004"
"5c523aaf8b7ced712903a613","HondaPilot2003"
"5c523aaf8b7ced712903a617","HondaPilot2004"
"5c523aaf8b7ced712903a618","HondaPilot2005"
"5c523aaf8b7ced712903a61a","HondaPilot2006"
"5c523aaf8b7ced712903a61b","HondaPilot2007"
"5c523aaf8b7ced712903a61c","HondaPilot2008"
"5c523aaf8b7ced712903a61f","HondaPilot2009"
"5c523aaf8b7ced712903a620","HondaPilot2010"
"5c523aaf8b7ced712903a623","HondaPilot2011"
"5c523aaf8b7ced712903a627","HondaPilot2012"
"5c523ab08b7ced712903a628","HondaPilot2013"
"5c523ab08b7ced712903a62a","HondaPilot2014"
"5c523ab08b7ced712903a62b","HondaPilot2015"
"5c523ab08b7ced712903a62e","HondaRidgeline2006"
"5c523ab08b7ced712903a631","HondaRidgeline2007"
"5c523ab08b7ced712903a632","HondaRidgeline2008"
"5c523ab08b7ced712903a634","HondaRidgeline2009"
"5c523ab08b7ced712903a637","HondaRidgeline2010"
"5c523ab08b7ced712903a63b","HondaRidgeline2011"
"5c523ab08b7ced712903a63c","HondaRidgeline2012"
"5c523ab08b7ced712903a63d","HondaRidgeline2013"
"5c523ab08b7ced712903a63e","HondaRidgeline2014"
"5c523ab18b7ced712903a641","HONDAGL1800/GOLD WING2006"
"5c523ab18b7ced712903a644","HONDAGL1800/GOLD WING2007"
"5c523ab18b7ced712903a647","HONDAGL1800/GOLD WING2008"
"5c523ab18b7ced712903a648","HONDAGL1800/GOLD WING2009"
"5c523ab18b7ced712903a649","HONDAGL1800/GOLD WING2010"
"5c523ab18b7ced712903a64c","INFINITIFX352003"
"5c523ab18b7ced712903a64e","INFINITIFX35/FX452003"
"5c523ab18b7ced712903a650","INFINITIFX372003"
"5c523ab18b7ced712903a656","INFINITIFX452003"
"5c523ab18b7ced712903a659","INFINITIFX502003"
"5c523ab18b7ced712903a65d","INFINITIFX352004"
"5c523ab18b7ced712903a660","INFINITIFX35/FX452004"
"5c523ab28b7ced712903a663","INFINITIFX372004"
"5c523ab28b7ced712903a665","INFINITIFX452004"
"5c523ab28b7ced712903a666","INFINITIFX502004"
"5c523ab28b7ced712903a667","INFINITIFX352005"
"5c523ab28b7ced712903a668","INFINITIFX35/FX452005"
"5c523ab28b7ced712903a669","INFINITIFX372005"
"5c523ab28b7ced712903a66c","INFINITIFX452005"
"5c523ab28b7ced712903a66f","INFINITIFX502005"
"5c523ab28b7ced712903a670","INFINITIFX352006"
"5c523ab28b7ced712903a671","INFINITIFX35/FX452006"
"5c523ab28b7ced712903a676","INFINITIFX372006"
"5c523ab28b7ced712903a67b","INFINITIFX452006"
"5c523ab38b7ced712903a67c","INFINITIFX502006"
"5c523ab38b7ced712903a67e","INFINITIFX352007"
"5c523ab38b7ced712903a683","INFINITIFX35/FX452007"
"5c523ab38b7ced712903a686","INFINITIFX372007"
"5c523ab38b7ced712903a688","INFINITIFX452007"
"5c523ab38b7ced712903a68b","INFINITIFX502007"
"5c523ab38b7ced712903a695","INFINITIFX352008"
"5c523ab38b7ced712903a69b","INFINITIFX35/FX452008"
"5c523ab38b7ced712903a69d","INFINITIFX372008"
"5c523ab38b7ced712903a6a0","INFINITIFX452008"
"5c523ab38b7ced712903a6a5","INFINITIFX502008"
"5c523ab38b7ced712903a6a9","InfinitiI352002"
"5c523ab48b7ced712903a6b2","InfinitiI352003"
"5c523ab48b7ced712903a6b6","InfinitiI352004"
"5c523ab48b7ced712903a6b7","INFINITIM35h2006"
"5c523ab48b7ced712903a6bb","INFINITIM372006"
"5c523ab48b7ced712903a6bf","INFINITIM452006"
"5c523ab48b7ced712903a6c2","INFINITIM562006"
"5c523ab48b7ced712903a6c8","INFINITIM35h2007"
"5c523ab48b7ced712903a6cb","INFINITIM372007"
"5c523ab48b7ced712903a6ce","INFINITIM452007"
"5c523ab48b7ced712903a6cf","INFINITIM562007"
"5c523ab48b7ced712903a6d0","INFINITIM35h2008"
"5c523ab48b7ced712903a6d3","INFINITIM372008"
"5c523ab58b7ced712903a6d4","INFINITIM452008"
"5c523ab58b7ced712903a6d6","INFINITIM562008"
"5c523ab58b7ced712903a6d8","INFINITIM35h2009"
"5c523ab58b7ced712903a6d9","INFINITIM372009"
"5c523ab58b7ced712903a6da","INFINITIM452009"
"5c523ab58b7ced712903a6df","INFINITIM562009"
"5c523ab58b7ced712903a6e0","INFINITIM35h2010"
"5c523ab58b7ced712903a6e4","INFINITIM372010"
"5c523ab58b7ced712903a6e7","INFINITIM452010"
"5c523ab58b7ced712903a6ea","INFINITIM562010"
"5c523ab58b7ced712903a6ed","InfinitiQX42002"
"5c523ab58b7ced712903a6ef","InfinitiQX42003"
"5c523ab68b7ced712903a6f2","JaguarXF2009"
"5c523ab68b7ced712903a6f6","JaguarXF2010"
"5c523ab68b7ced712903a6f8","JaguarXF2011"
"5c523ab68b7ced712903a6f9","JaguarXF2012"
"5c523ab68b7ced712903a6fa","JaguarXF2013"
"5c523ab68b7ced712903a6fb","JaguarXF2014"
"5c523ab68b7ced712903a6fc","JaguarXF2015"
"5c523ab68b7ced712903a6fe","JeepWrangler2007"
"5c523ab68b7ced712903a6ff","JeepWrangler2008"
"5c523ab68b7ced712903a700","JeepWrangler2009"
"5c523ab68b7ced712903a703","JeepWrangler2010"
"5c523ab68b7ced712903a704","JeepWrangler2012"
"5c523ab78b7ced712903a705","JeepWrangler2013"
"5c523ab78b7ced712903a707","JeepWrangler2014"
"5c523ab78b7ced712903a70a","JeepWrangler2015"
"5c523ab78b7ced712903a70b","JeepWrangler2016"
"5c523ab78b7ced712903a70e","Land RoverRange Rover2007"
"5c523ab78b7ced712903a711","Land RoverRange Rover2008"
"5c523ab78b7ced712903a714","Land RoverRange Rover2009"
"5c523ab78b7ced712903a715","Land RoverRange Rover2010"
"5c523ab78b7ced712903a717","Land RoverRange Rover2011"
"5c523ab78b7ced712903a718","Land RoverRange Rover2012"
"5c523ab78b7ced712903a71c","LexusES2007"
"5c523ab78b7ced712903a720","LexusES2008"
"5c523ab88b7ced712903a722","LexusES2009"
"5c523ab88b7ced712903a724","LexusES2010"
"5c523ab88b7ced712903a727","LexusES2011"
"5c523ab88b7ced712903a72d","LexusES2012"
"5c523ab88b7ced712903a72f","LexusGX4602010"
"5c523ab88b7ced712903a730","LexusGX4602011"
"5c523ab88b7ced712903a739","LexusGX4602012"
"5c523ab88b7ced712903a73b","LexusGX4602013"
"5c523ab88b7ced712903a73f","LexusGX4602014"
"5c523ab88b7ced712903a742","LexusGX4602015"
"5c523ab88b7ced712903a743","LexusGX4602016"
"5c523ab88b7ced712903a744","LexusGX4602017"
"5c523ab98b7ced712903a745","LexusIS2502006"
"5c523ab98b7ced712903a74b","LexusIS2502007"
"5c523ab98b7ced712903a74d","LexusIS2502008"
"5c523ab98b7ced712903a74f","LexusIS2502009"
"5c523ab98b7ced712903a752","LexusIS2502010"
"5c523ab98b7ced712903a756","LexusIS2502011"
"5c523ab98b7ced712903a758","LexusIS2502012"
"5c523ab98b7ced712903a75c","LexusIS2502013"
"5c523ab98b7ced712903a75e","LexusIS3502006"
"5c523ab98b7ced712903a760","LexusIS3502007"
"5c523ab98b7ced712903a767","LexusIS3502008"
"5c523aba8b7ced712903a76a","LexusIS3502009"
"5c523aba8b7ced712903a76c","LexusIS3502010"
"5c523aba8b7ced712903a76e","LexusIS3502011"
"5c523aba8b7ced712903a76f","LexusIS3502012"
"5c523aba8b7ced712903a770","LexusIS3502013"
"5c523aba8b7ced712903a776","LexusIS250C2010"
"5c523aba8b7ced712903a77b","LexusIS250C2011"
"5c523aba8b7ced712903a77c","LexusIS250C2012"
"5c523aba8b7ced712903a77f","LexusIS250C2013"
"5c523aba8b7ced712903a783","LexusIS250C2014"
"5c523aba8b7ced712903a788","LexusIS250C2015"
"5c523aba8b7ced712903a78d","LexusIS350C2010"
"5c523ae28b7ced712903aa5f","LexusIS350C2011"
"5c523ae28b7ced712903aa60","LexusIS350C2012"
"5c523ae28b7ced712903aa63","LexusIS350C2013"
"5c523ae28b7ced712903aa66","LexusIS350C2014"
"5c523ae28b7ced712903aa6a","LexusIS350C2015"
"5c523ae28b7ced712903aa6b","LexusIS F2008"
"5c523ae28b7ced712903aa6d","LexusIS F2009"
"5c523ae38b7ced712903aa6e","LexusIS F2010"
"5c523ae38b7ced712903aa72","LexusIS F2011"
"5c523ae38b7ced712903aa75","LexusIS F2012"
"5c523ae38b7ced712903aa79","LexusIS F2013"
"5c523ae38b7ced712903aa7a","LexusIS F2014"
"5c523ae38b7ced712903aa7d","LexusLFA2012"
"5c523ae38b7ced712903aa80","LexusSC2002"
"5c523ae38b7ced712903aa82","LexusSC2003"
"5c523ae38b7ced712903aa84","LexusSC2004"
"5c523ae38b7ced712903aa87","LexusSC2005"
"5c523ae38b7ced712903aa8b","LexusSC2006"
"5c523ae38b7ced712903aa8d","LexusSC2007"
"5c523ae48b7ced712903aa8f","LexusSC2008"
"5c523ae48b7ced712903aa96","LexusSC2009"
"5c523ae48b7ced712903aa99","LexusSC2010"
"5c523ae48b7ced712903aa9e","LincolnMKX2007"
"5c523ae48b7ced712903aaa3","LincolnMKX2008"
"5c523ae48b7ced712903aaab","LincolnMKX2009"
"5c523ae48b7ced712903aaae","LincolnMKX2010"
"5c523ae48b7ced712903aab8","LincolnZephyr2006"
"5c523ae48b7ced712903aabc","LincolnZephyr2007"
"5c523ae48b7ced712903aac4","LincolnZephyr2008"
"5c523ae48b7ced712903aacb","LincolnZephyr2009"
"5c523ae48b7ced712903aacf","LincolnZephyr2010"
"5c523ae58b7ced712903aad2","LincolnZephyr2011"
"5c523ae58b7ced712903aad7","LincolnZephyr2012"
"5c523ae58b7ced712903aadc","LincolnMKZ2006"
"5c523ae58b7ced712903aadd","LincolnMKZ2007"
"5c523ae58b7ced712903aae3","LincolnMKZ2008"
"5c523ae58b7ced712903aae5","LincolnMKZ2009"
"5c523ae58b7ced712903aae7","LincolnMKZ2010"
"5c523ae58b7ced712903aaea","LincolnMKZ2011"
"5c523ae58b7ced712903aaeb","LincolnMKZ2012"
"5c523ae58b7ced712903aaec","MazdaB-Series2004"
"5c523ae58b7ced712903aaf0","MazdaB-Series2005"
"5c523ae58b7ced712903aaf1","MazdaB-Series2006"
"5c523ae68b7ced712903aaf3","MazdaB-Series2007"
"5c523ae68b7ced712903aaf5","MazdaB-Series2008"
"5c523ae68b7ced712903aaf7","MazdaB-Series2009"
"5c523ae68b7ced712903aafc","MazdaCX-72007"
"5c523ae68b7ced712903aafd","MazdaCX-72008"
"5c523ae68b7ced712903ab00","MazdaCX-72009"
"5c523ae68b7ced712903ab01","MazdaCX-72010"
"5c523ae68b7ced712903ab04","MazdaCX-72011"
"5c523ae68b7ced712903ab06","MazdaCX-72012"
"5c523ae68b7ced712903ab08","MazdaCX-92007"
"5c523ae68b7ced712903ab09","MazdaCX-92008"
"5c523ae68b7ced712903ab0b","MazdaCX-92009"
"5c523ae78b7ced712903ab10","MazdaCX-92010"
"5c523ae78b7ced712903ab11","MazdaCX-92011"
"5c523ae78b7ced712903ab13","MazdaCX-92012"
"5c523ae78b7ced712903ab17","MazdaCX-92013"
"5c523ae78b7ced712903ab1a","MazdaCX-92014"
"5c523ae78b7ced712903ab1b","MazdaCX-92015"
"5c523ae78b7ced712903ab1f","MazdaMazdaspeed62006"
"5c523ae78b7ced712903ab23","MazdaMazdaspeed62007"
"5c523ae78b7ced712903ab29","MazdaMPV2004"
"5c523ae78b7ced712903ab2d","MazdaMPV2005"
"5c523ae78b7ced712903ab2f","MazdaMPV2006"
"5c523ae78b7ced712903ab30","MazdaRX-82004"
"5c523ae78b7ced712903ab34","MazdaRX-82005"
"5c523ae88b7ced712903ab37","MazdaRX-82006"
"5c523ae88b7ced712903ab39","MazdaRX-82007"
"5c523ae88b7ced712903ab3d","MazdaRX-82008"
"5c523ae88b7ced712903ab3e","MazdaRX-82009"
"5c523ae88b7ced712903ab41","MazdaRX-82010"
"5c523ae88b7ced712903ab42","MazdaRX-82011"
"5c523ae88b7ced712903ab43","MazdaMazda62003"
"5c523ae88b7ced712903ab44","MazdaMazda62004"
"5c523ae88b7ced712903ab45","MazdaMazda62005"
"5c523ae88b7ced712903ab46","MazdaMazda62006"
"5c523ae88b7ced712903ab49","MazdaMazda62007"
"5c523ae88b7ced712903ab4a","MazdaMazda62008"
"5c523ae98b7ced712903ab4e","MazdaMazda62009"
"5c523ae98b7ced712903ab4f","MazdaMazda62010"
"5c523ae98b7ced712903ab51","MazdaMazda62011"
"5c523ae98b7ced712903ab55","MazdaMazda62012"
"5c523ae98b7ced712903ab56","MazdaMazda62013"
"5c523ae98b7ced712903ab57","MazdaMazda62014"
"5c523ae98b7ced712903ab5a","MazdaMazda62015"
"5c523ae98b7ced712903ab5b","Mercedes-BenzC-Class2005"
"5c523ae98b7ced712903ab5e","Mercedes-BenzC-Class2006"
"5c523ae98b7ced712903ab5f","Mercedes-BenzC-Class2007"
"5c523ae98b7ced712903ab61","Mercedes-BenzC-Class2008"
"5c523ae98b7ced712903ab62","Mercedes-BenzC-Class2009"
"5c523aea8b7ced712903ab65","Mercedes-BenzC-Class2010"
"5c523aea8b7ced712903ab68","Mercedes-BenzC-Class2011"
"5c523aea8b7ced712903ab6d","Mercedes-BenzC-Class2012"
"5c523aea8b7ced712903ab6e","Mercedes-BenzC-Class2013"
"5c523aea8b7ced712903ab6f","Mercedes-BenzC-Class2014"
"5c523aea8b7ced712903ab70","Mercedes-BenzC-Class2015"
"5c523aea8b7ced712903ab71","Mercedes-BenzE-Class2010"
"5c523aea8b7ced712903ab74","Mercedes-BenzE-Class2011"
"5c523aea8b7ced712903ab75","Mercedes-BenzE-Class2012"
"5c523aea8b7ced712903ab78","Mercedes-BenzE-Class2013"
"5c523aea8b7ced712903ab79","Mercedes-BenzE-Class2014"
"5c523aea8b7ced712903ab7c","Mercedes-BenzE-Class2015"
"5c523aeb8b7ced712903ab7d","Mercedes-BenzE-Class2016"
"5c523aeb8b7ced712903ab7f","Mercedes-BenzE-Class2017"
"5c523aeb8b7ced712903ab81","Mercedes-BenzGL-Class2009"
"5c523aeb8b7ced712903ab84","Mercedes-BenzGL-Class2010"
"5c523aeb8b7ced712903ab87","Mercedes-BenzGL-Class2011"
"5c523aeb8b7ced712903ab89","Mercedes-BenzGL-Class2012"
"5c523aeb8b7ced712903ab90","Mercedes-BenzGLK-Class2010"
"5c523aeb8b7ced712903ab94","Mercedes-BenzGLK-Class2011"
"5c523aeb8b7ced712903ab95","Mercedes-BenzGLK-Class2012"
"5c523aeb8b7ced712903ab97","Mercedes-BenzGLK-Class2013"
"5c523aeb8b7ced712903ab9b","Mercedes-BenzGLK-Class2014"
"5c523aeb8b7ced712903ab9e","Mercedes-BenzGLK-Class2015"
"5c523aec8b7ced712903aba0","Mercedes-BenzM-Class2009"
"5c523aec8b7ced712903aba7","Mercedes-BenzM-Class2010"
"5c523aec8b7ced712903aba8","Mercedes-BenzM-Class2011"
"5c523aec8b7ced712903abad","Mercedes-BenzM-Class2012"
"5c523aec8b7ced712903abae","Mercedes-BenzM-Class2013"
"5c523aec8b7ced712903abb2","Mercedes-BenzM-Class2014"
"5c523aec8b7ced712903abb4","Mercedes-BenzSLK-Class2007"
"5c523aec8b7ced712903abb6","Mercedes-BenzSLK-Class2008"
"5c523aec8b7ced712903abb7","Mercedes-BenzSLS-Class2011"
"5c523aec8b7ced712903abba","Mercedes-BenzSLS-Class2012"
"5c523aec8b7ced712903abbc","Mercedes-BenzSLS-Class2013"
"5c523aec8b7ced712903abbf","Mercedes-BenzSLS-Class2014"
"5c523aec8b7ced712903abc0","Mercedes-BenzSLS-Class2015"
"5c523aed8b7ced712903abc5","MercuryMilan2006"
"5c523aed8b7ced712903abc8","MilanMilan2007"
"5c523aed8b7ced712903abca","MilanMilan2008"
"5c523aed8b7ced712903abcf","MilanMilan2009"
"5c523aed8b7ced712903abd0","MilanMilan2010"
"5c523aed8b7ced712903abd3","MilanMilan2011"
"5c523aed8b7ced712903abd4","Mitsubishii-MiEV2012"
"5c523aed8b7ced712903abd5","Mitsubishii-MiEV2013"
"5c523aed8b7ced712903abd8","Mitsubishii-MiEV2014"
"5c523aed8b7ced712903abd9","Mitsubishii-MiEV2015"
"5c523aed8b7ced712903abdc","Mitsubishii-MiEV2016"
"5c523aed8b7ced712903abdd","Mitsubishii-MiEV2017"
"5c523aee8b7ced712903abe1","MitsubishiLancer2004"
"5c523aee8b7ced712903abe6","MitsubishiLancer2005"
"5c523aee8b7ced712903abec","MitsubishiLancer2006"
"5c523aee8b7ced712903abef","MitsubishiLancer2007"
"5c523aee8b7ced712903abf3","MitsubishiLancer Evolution2004"
"5c523aee8b7ced712903abf5","MitsubishiLancer Evolution2005"
"5c523aee8b7ced712903abf6","MitsubishiLancer Evolution2006"
"5c523aee8b7ced712903abf7","MitsubishiLancer Sportback2004"
"5c523aee8b7ced712903abfa","MitsubishiRaider2006"
"5c523aee8b7ced712903abff","MitsubishiRaider2007"
"5c523aee8b7ced712903ac00","MitsubishiRaider2008"
"5c523aee8b7ced712903ac02","MitsubishiRaider2009"
"5c523aef8b7ced712903ac03","NissanMaxima2001"
"5c523aef8b7ced712903ac04","NissanMaxima2002"
"5c523aef8b7ced712903ac06","NissanMaxima2003"
"5c523aef8b7ced712903ac07","NissanPathfinder2002"
"5c523aef8b7ced712903ac0a","NissanPathfinder2003"
"5c523aef8b7ced712903ac0d","NissanPathfinder2004"
"5c523aef8b7ced712903ac0e","NissanSentra2002"
"5c523aef8b7ced712903ac11","NissanSentra2003"
"5c523aef8b7ced712903ac12","NissanSentra2004"
"5c523aef8b7ced712903ac13","NissanSentra2005"
"5c523aef8b7ced712903ac16","NissanSentra2006"
"5c523aef8b7ced712903ac19","NissanVersa2007"
"5c523af08b7ced712903ac1b","NissanVersa2008"
"5c523af08b7ced712903ac1c","NissanVersa2009"
"5c523af08b7ced712903ac21","NissanVersa2010"
"5c523af08b7ced712903ac22","NissanVersa2011"
"5c523af08b7ced712903ac23","NissanVersa2012"
"5c523af08b7ced712903ac25","PontiacVibe2003"
"5c523af08b7ced712903ac27","PontiacVibe2004"
"5c523af08b7ced712903ac2b","PontiacVibe2005"
"5c523af08b7ced712903ac2c","PontiacVibe2006"
"5c523af08b7ced712903ac2f","PontiacVibe2007"
"5c523af08b7ced712903ac30","PontiacVibe2008"
"5c523af08b7ced712903ac32","PontiacVibe2009"
"5c523af18b7ced712903ac33","PontiacVibe2010"
"5c523af18b7ced712903ac36","Saab9-2x2005"
"5c523af18b7ced712903ac3a","Saab9-2x2006"
"5c523af18b7ced712903ac3d","Saab433462006"
"5c523af18b7ced712903ac3e","Saab433462007"
"5c523af18b7ced712903ac3f","Saab433462008"
"5c523af18b7ced712903ac40","Saab433462009"
"5c523af18b7ced712903ac41","Saab433462010"
"5c523af18b7ced712903ac43","Saab433462011"
"5c523af18b7ced712903ac44","Saab433482006"
"5c523af18b7ced712903ac46","Saab433482007"
"5c523af18b7ced712903ac49","Saab433482008"
"5c523af18b7ced712903ac4b","Saab433482009"
"5c523af28b7ced712903ac4e","SaturnAstra2008"
"5c523af28b7ced712903ac50","SaturnAstra2009"
"5c523af28b7ced712903ac52","TOYOTASCION xB2008"
"5c523af28b7ced712903ac53","TOYOTASCION xB2009"
"5c523af28b7ced712903ac54","TOYOTASCION xB2010"
"5c523af28b7ced712903ac5a","TOYOTASCION xB2011"
"5c523af28b7ced712903ac5c","TOYOTASCION xB2012"
"5c523af28b7ced712903ac5f","TOYOTASCION xB2013"
"5c523af28b7ced712903ac60","TOYOTASCION xB2014"
"5c523af28b7ced712903ac64","TOYOTASCION xB2015"
"5c523af28b7ced712903ac65","SubaruBaja2003"
"5c523af28b7ced712903ac68","SubaruBaja2004"
"5c523af38b7ced712903ac6b","SubaruBaja2005"
"5c523af38b7ced712903ac6c","SubaruBaja2006"
"5c523af38b7ced712903ac72","SubaruForester2009"
"5c523af38b7ced712903ac73","SubaruForester2010"
"5c523af38b7ced712903ac76","SubaruForester2011"
"5c523af38b7ced712903ac79","SubaruForester2012"
"5c523af38b7ced712903ac7c","SubaruForester2013"
"5c523af38b7ced712903ac7d","SubaruImpreza2004"
"5c523af38b7ced712903ac82","SubaruImpreza2005"
"5c523af38b7ced712903ac83","SubaruImpreza2006"
"5c523af38b7ced712903ac86","SubaruImpreza2007"
"5c523af38b7ced712903ac89","SubaruImpreza2008"
"5c523af48b7ced712903ac8e","SubaruImpreza2009"
"5c523af48b7ced712903ac8f","SubaruImpreza2010"
"5c523af48b7ced712903ac96","SubaruImpreza2011"
"5c523af48b7ced712903ac98","SubaruImpreza2004"
"5c523af48b7ced712903ac9b","SubaruImpreza2005"
"5c523af48b7ced712903ac9c","SubaruImpreza2006"
"5c523af48b7ced712903aca3","SubaruImpreza2007"
"5c523af48b7ced712903aca7","SubaruImpreza2008"
"5c523af48b7ced712903aca9","SubaruImpreza2009"
"5c523af48b7ced712903acaf","SubaruImpreza2010"
"5c523af48b7ced712903acb0","SubaruImpreza2011"
"5c523af48b7ced712903acb3","SubaruLegacy2003"
"5c523af58b7ced712903acb5","SubaruLegacy2004"
"5c523af58b7ced712903acb8","SubaruLegacy2005"
"5c523af58b7ced712903acba","SubaruLegacy2006"
"5c523af58b7ced712903acbb","SubaruLegacy2007"
"5c523af58b7ced712903acbe","SubaruLegacy2008"
"5c523af58b7ced712903acbf","SubaruLegacy2009"
"5c523af58b7ced712903acc0","SubaruLegacy2010"
"5c523af58b7ced712903acc1","SubaruLegacy2011"
"5c523af58b7ced712903acc2","SubaruLegacy2012"
"5c523af58b7ced712903acc5","SubaruLegacy2013"
"5c523af58b7ced712903acc6","SubaruLegacy2014"
"5c523af58b7ced712903acc7","SubaruOutback2003"
"5c523af68b7ced712903acc9","SubaruOutback2004"
"5c523af68b7ced712903acca","SubaruOutback2005"
"5c523af68b7ced712903accb","SubaruOutback2006"
"5c523af68b7ced712903accd","SubaruOutback2007"
"5c523af68b7ced712903acce","SubaruOutback2008"
"5c523af68b7ced712903acd0","SubaruOutback2009"
"5c523af68b7ced712903acd1","SubaruOutback2010"
"5c523af68b7ced712903acd4","SubaruOutback2011"
"5c523af68b7ced712903acd5","SubaruOutback2012"
"5c523af68b7ced712903acda","SubaruOutback2013"
"5c523af68b7ced712903acdd","SubaruOutback2014"
"5c523af68b7ced712903ace0","SUBARUB9 Tribeca2006"
"5c523af78b7ced712903ace1","SUBARUB9 Tribeca2007"
"5c523af78b7ced712903ace6","SUBARUB9 Tribeca2008"
"5c523af78b7ced712903acea","SUBARUB9 Tribeca2009"
"5c523af78b7ced712903aced","SUBARUB9 Tribeca2010"
"5c523af78b7ced712903acef","SUBARUB9 Tribeca2011"
"5c523af78b7ced712903acf0","SUBARUB9 Tribeca2012"
"5c523af78b7ced712903acf1","SUBARUB9 Tribeca2013"
"5c523af78b7ced712903acf2","SUBARUB9 Tribeca2014"
"5c523af78b7ced712903acf7","SubaruSTI2012"
"5c523af78b7ced712903acfa","SubaruSTI2013"
"5c523af78b7ced712903acfd","SubaruSTI2014"
"5c523af78b7ced712903acfe","SubaruWRX2012"
"5c523af78b7ced712903ad00","SubaruWRX2013"
"5c523af88b7ced712903ad02","SubaruWRX2014"
"5c523af88b7ced712903ad05","TOYOTA4-Runner2010"
"5c523af88b7ced712903ad0f","TOYOTA4-Runner2011"
"5c523af88b7ced712903ad12","TOYOTA4-Runner2012"
"5c523af88b7ced712903ad13","TOYOTA4-Runner2013"
"5c523af88b7ced712903ad14","TOYOTA4-Runner2014"
"5c523af88b7ced712903ad17","TOYOTA4-Runner2015"
"5c523af88b7ced712903ad1c","TOYOTA4-Runner2016"
"5c523af88b7ced712903ad1d","ToyotaCorolla2003"
"5c523af88b7ced712903ad1e","ToyotaCorolla2004"
"5c523af88b7ced712903ad1f","ToyotaCorolla2005"
"5c523af88b7ced712903ad21","ToyotaCorolla2006"
"5c523af98b7ced712903ad26","ToyotaCorolla2007"
"5c523af98b7ced712903ad27","ToyotaCorolla2008"
"5c523af98b7ced712903ad29","ToyotaCorolla2009"
"5c523af98b7ced712903ad2c","ToyotaCorolla2010"
"5c523af98b7ced712903ad2d","ToyotaCorolla2011"
"5c523af98b7ced712903ad31","ToyotaCorolla2012"
"5c523af98b7ced712903ad33","ToyotaCorolla2013"
"5c523af98b7ced712903ad34","ToyotaCorolla Matrix2003"
"5c523af98b7ced712903ad37","ToyotaCorolla Matrix2004"
"5c523af98b7ced712903ad3a","ToyotaCorolla Matrix2005"
"5c523af98b7ced712903ad3b","ToyotaCorolla Matrix2006"
"5c523af98b7ced712903ad3e","ToyotaCorolla Matrix2007"
"5c523afa8b7ced712903ad42","ToyotaCorolla Matrix2008"
"5c523afa8b7ced712903ad43","ToyotaCorolla Matrix2009"
"5c523afa8b7ced712903ad48","ToyotaCorolla Matrix2010"
"5c523afa8b7ced712903ad4a","ToyotaCorolla Matrix2011"
"5c523afa8b7ced712903ad50","ToyotaCorolla Matrix2012"
"5c523afa8b7ced712903ad52","ToyotaCorolla Matrix2013"
"5c523afa8b7ced712903ad56","ToyotaRav42004"
"5c523afa8b7ced712903ad57","ToyotaRav42005"
"5c523afa8b7ced712903ad59","ToyotaSequoia2002"
"5c523afa8b7ced712903ad5a","ToyotaSequoia2003"
"5c523afa8b7ced712903ad5d","ToyotaSequoia2004"
"5c523afa8b7ced712903ad63","ToyotaSequoia2005"
"5c523afb8b7ced712903ad66","ToyotaSequoia2006"
"5c523afb8b7ced712903ad67","ToyotaSequoia2007"
"5c523afb8b7ced712903ad6b","ToyotaSienna2011"
"5c523afb8b7ced712903ad6f","ToyotaSienna2012"
"5c523afb8b7ced712903ad70","ToyotaSienna2013"
"5c523afb8b7ced712903ad71","ToyotaSienna2014"
"5c523afb8b7ced712903ad72","ToyotaTundra2003"
"5c523afb8b7ced712903ad74","ToyotaTundra2004"
"5c523afb8b7ced712903ad76","ToyotaTundra2005"
"5c523afb8b7ced712903ad78","ToyotaTundra2006"
"5c523afb8b7ced712903ad79","ToyotaYaris2006"
"5c523afb8b7ced712903ad7a","ToyotaYaris2007"
"5c523afc8b7ced712903ad81","ToyotaYaris2008"
"5c523afc8b7ced712903ad82","ToyotaYaris2009"
"5c523afc8b7ced712903ad84","ToyotaYaris2010"
"5c523afc8b7ced712903ad88","ToyotaYaris2011"
"5c523afc8b7ced712903ad89","ToyotaYaris2012"
"5c523afc8b7ced712903ad8c","VolkswagenCC2009"
"5c523afc8b7ced712903ad8d","VolkswagenCC2010"
"5c523afc8b7ced712903ad8e","VolkswagenCC2011"
"5c523afc8b7ced712903ad93","VolkswagenCC2012"
"5c523afc8b7ced712903ad94","VolkswagenCC2013"
"5c523afc8b7ced712903ad96","VolkswagenCC2014"
"5c523afc8b7ced712903ad97","VolkswagenCC2015"
"5c523afd8b7ced712903ad9a","VolkswagenCC2016"
"5c523afd8b7ced712903ad9e","VolkswagenCC2017"
"5c523afd8b7ced712903ada0","VolkswagenEos2010"
"5c523afd8b7ced712903ada3","VolkswagenEos2011"
"5c523afd8b7ced712903ada4","VolkswagenEos2012"
"5c523afd8b7ced712903ada7","VolkswagenEos2013"
"5c523afd8b7ced712903adab","VolkswagenEos2014"
"5c523afd8b7ced712903adae","VolkswagenGolf2010"
"5c523afd8b7ced712903adaf","VolkswagenGolf2011"
"5c523afd8b7ced712903adb0","VolkswagenGolf2012"
"5c523afd8b7ced712903adb3","VolkswagenGolf2013"
"5c523afd8b7ced712903adb4","VolkswagenGolf2014"
"5c523afe8b7ced712903adb8","VolkswagenGolf R2013"
"5c523afe8b7ced712903adba","VolkswagenGTI2009"
"5c523afe8b7ced712903adbb","VolkswagenGTI2010"
"5c523afe8b7ced712903adbf","VolkswagenGTI2011"
"5c523afe8b7ced712903adc0","VolkswagenGTI2012"
"5c523afe8b7ced712903adc5","VolkswagenGTI2013"
"5c523afe8b7ced712903adce","VolkswagenPassat2012"
"5c523afe8b7ced712903adcf","VolkswagenPassat2013"
"5c523afe8b7ced712903add6","VolkswagenPassat2014"
"5c523afe8b7ced712903add7","VolkswagenPassat2006"
"5c523afe8b7ced712903add8","VolkswagenPassat2007"
"5c523afe8b7ced712903addd","VolkswagenPassat2008"
"5c523afe8b7ced712903adde","VolkswagenPassat2009"
"5c523aff8b7ced712903ade3","VolkswagenPassat2010"
"5c523aff8b7ced712903adeb","VOLKSWAGENTiguan2017"
"5c523aff8b7ced712903adf0","VOLKSWAGENTiguan2018"
"5c523aff8b7ced712903adf3","TOYOTASCION xB2005"
"5c523aff8b7ced712903adf6","LEXUSRX2004"
"5c523aff8b7ced712903adf7","LEXUSRX2007"
"5c523aff8b7ced712903adf9","DODGECaravan/Grand Caravan2008"
"5c523aff8b7ced712903adfa","GMCAcadia2015"
"5c523aff8b7ced712903adfc","NISSANSentra2008"
"5c523aff8b7ced712903adfd","HONDAAccord1995"
"5c523aff8b7ced712903adfe","VOLKSWAGENJetta2008"
"5c523aff8b7ced712903adff","PONTIACAztek2005"