"claimId","filed","userId","userCreated","VIN","year","make","model","class","email","fname","lname","name","agreement_date","rental","towing","childCare","repair","wages","storage","transport","other","otherDesc","q1","q2","q3","q4","phone_0","phone_0_area","phone_0_prefix","phone_0_suffix","address_state","address_street","address_city","address_zip","address_country","Nissan_Pathfinder_2002","phone_1","phone_1_area","phone_1_prefix","phone_1_suffix","Nissan_Pathfinder_2003","phone_2","phone_2_area","phone_2_prefix","phone_2_suffix","Nissan_Pathfinder_2004","Nissan_Sentra_2002","Nissan_Sentra_2003","Nissan_Sentra_2004","Nissan_Sentra_2005","Nissan_Sentra_2006","Nissan_Versa Note_2015","Nissan_Altima_2013","Nissan_Altima_2014","Nissan_Altima_2015","Nissan_Altima_2016","Nissan_Altima_2017","Nissan_370Z_2010","Nissan_370Z_2011","Nissan_370Z_2012","Nissan_370Z_2013","Nissan_Cube_2009","Nissan_Titan_2016","Nissan_Titan_2017","Nissan_Rogue_2015","Nissan_Rogue_2016","Nissan_Rogue_2017","Infiniti_QX30_2017","Infiniti_M35_2006","Infiniti_M45_2007","Infiniti_FX35_2003","Infiniti_FX35_2004","Infiniti_FX35_2005","Infiniti_FX35_2007","Infiniti_FX35_2008","Infiniti_QX4_2002","Infiniti_I35_2002","Infiniti_I35_2004"
"5d3f985b9e2d665676329e4b","03/09/2019 04:54pm","810421616","03/09/2019 04:35pm","JN8DR09Y72W733747",2002,"NISSAN","Pathfinder",,"charlesdsrbirdwell@gmail.com","Charles D","Birdwell, Sr.","Charles D Birdwell, Sr.","03/09/2019 04:40pm",0,0,0,0,0,0,0,0,,"x","x","x","","4153732386","415","373","2386","CA","Suite E, 2777 Alvarado Street","San Leandro","94577","United States of America","x",,,,,,,,,,,,,,,,,,,,,,,,,,,,,,,,,,,,,,,,,,
"5d3f985b9e2d66567632a754","07/27/2019 01:27pm","871285559","04/01/2019 06:14am","JN8DR09Y22W732909",2002,"NISSAN","Pathfinder",,"thetoriparadox@gmail.com","Tori","Bowler","Tori Bowler","04/01/2019 06:15am",0,0,0,0,0,0,0,0,,"x","x","x","","5306389099","530","638","9099","CA","1920 bella coola dr","South lake tahoe","96150","United States of America","x","7754501146","775","450","1146",,,,,,,,,,,,,,,,,,,,,,,,,,,,,,,,,,,,,,
"5d3f985b9e2d66567632a806","07/28/2019 05:15pm","411205783","07/29/2019 06:07pm","JN8DR09Y12W708651",2002,"NISSAN","Pathfinder",,"kicknsassie@gmail.com","Jennifer","Brockman","Jennifer Brockman","09/13/2018 09:44pm",0,0,0,0,0,0,0,0,,"x","x","x","","4069275730","406","927","5730","MT","1112 Competition Ave","Billings heights","59105-1803","United States of America","x","8605147084","860","514","7084",,,,,,,,,,,,,,,,,,,,,,,,,,,,,,,,,,,,,,
"5d3f985b9e2d665676329e9b","03/20/2019 04:42am","837623115","03/20/2019 04:33am","JN8DR09YX3W834718",2003,"NISSAN","Pathfinder",,"ander012@rcn.com","Tina","Anderson","Tina Anderson","03/20/2019 04:33am",0,0,0,0,0,0,0,0,,"x","x","x","","6172571145","617","257","1145","MA","58 Chestnut St","Wakefield","01880","United States of America",,"7812457451","781","245","7451","x",,,,,,,,,,,,,,,,,,,,,,,,,,,,,,,,,,,,,
"5d3f985b9e2d66567632a4b8","05/12/2019 12:02pm","846316858","03/23/2019 06:46am","JN8DR09Y63W833081",2003,"NISSAN","Pathfinder",,"ladydykedi1@yahoo.com","Diane","Renaud","Diane Renaud","03/23/2019 06:47am",0,0,0,0,0,0,0,0,,"x","x","x","","4153732386","415","373","2386","CA","Suite E, 2777 Alvarado Street","San Leandro","94577","United States of America",,,,,,"x",,,,,,,,,,,,,,,,,,,,,,,,,,,,,,,,,,,,,
"5d3f985b9e2d665676329db5","03/02/2019 05:46am","794455350","03/02/2019 05:02am","JN8DR09XX4W807818",2004,"NISSAN","Pathfinder",,"tblake72087@gmail.com","Terry","Blake","Terry Blake","03/02/2019 05:03am",0,0,0,0,0,0,0,0,,"x","x","x","","5012139291","501","213","9291","CA","Suite E, 2777 Alvarado Street","San Leandro","94577","United States of America",,"5016262469","501","626","2469",,"5019090192","501","909","0192","x",,,,,,,,,,,,,,,,,,,,,,,,,,,,,,,,
"5d3f985b9e2d665676329e83","03/19/2019 06:44pm","836671358","03/19/2019 06:35pm","JN8DR09Y44W906434",2004,"NISSAN","Pathfinder",,"kinsk333@gmail.com","Kevin","Kinsella","Kevin Kinsella","03/19/2019 06:36pm",0,0,0,0,0,0,0,0,,"x","x","x","","4153732386","415","373","2386","CA","Suite E, 2777 Alvarado Street","San Leandro","94577","United States of America",,,,,,,,,,,"x",,,,,,,,,,,,,,,,,,,,,,,,,,,,,,,,
"5d3f985b9e2d66567632a30f","05/09/2019 12:24pm","486941021","07/29/2019 06:07pm","JN8DR09Y24W913379",2004,"NISSAN","Pathfinder",,"ldingee@ymail.com","Lucille","Dingee","Lucille Dingee","10/22/2018 01:12pm",0,0,0,0,0,0,0,0,,"x","x","x","","5183290140","518","329","0140","CA","Suite E, 2777 Alvarado Street","San Leandro","94577","United States of America",,,,,,,,,,,"x",,,,,,,,,,,,,,,,,,,,,,,,,,,,,,,,
"5d3f985b9e2d6656763298a4","11/07/2018 08:11am","524587686","07/29/2019 06:07pm","3N1CB51D42L605959",2002,"NISSAN","Sentra",,"jaimejr72@yahoo.com","Jaime","Aceves","Jaime Aceves","11/07/2018 09:11am",0,0,0,0,0,0,0,0,,"x","x","x","","2188250110","218","825","0110","CA","20 3rd st west Hardin,mt 59034","San Leandro","94577","United States of America",,,,,,,,,,,,"x",,,,,,,,,,,,,,,,,,,,,,,,,,,,,,,
"5d3f985b9e2d6656763298a5","11/07/2018 08:11am","524587686","07/29/2019 06:07pm","3N1CB51D42L605959",2002,"NISSAN","Sentra",,"jaimejr72@yahoo.com","Jaime","Aceves","Jaime Aceves","11/07/2018 09:11am",0,0,0,0,0,0,0,0,,"x","x","x","","2188250110","218","825","0110","CA","20 3rd st west Hardin,mt 59034","San Leandro","94577","United States of America",,,,,,,,,,,,"x",,,,,,,,,,,,,,,,,,,,,,,,,,,,,,,
"5d3f985b9e2d6656763298a7","11/07/2018 08:11am","524587686","07/29/2019 06:07pm","3N1CB51D42L605959",2002,"NISSAN","Sentra",,"jaimejr72@yahoo.com","Jaime","Aceves","Jaime Aceves","11/07/2018 09:11am",0,0,0,0,0,0,0,0,,"x","x","x","","2188250110","218","825","0110","CA","20 3rd st west Hardin,mt 59034","San Leandro","94577","United States of America",,,,,,,,,,,,"x",,,,,,,,,,,,,,,,,,,,,,,,,,,,,,,
"5d3f985b9e2d6656763298a8","11/07/2018 08:11am","524587686","07/29/2019 06:07pm","3N1CB51D42L605959",2002,"NISSAN","Sentra",,"jaimejr72@yahoo.com","Jaime","Aceves","Jaime Aceves","11/07/2018 09:11am",0,0,0,0,0,0,0,0,,"x","x","x","","2188250110","218","825","0110","CA","20 3rd st west Hardin,mt 59034","San Leandro","94577","United States of America",,,,,,,,,,,,"x",,,,,,,,,,,,,,,,,,,,,,,,,,,,,,,
"5d3f985b9e2d6656763298a9","11/07/2018 08:11am","524587686","07/29/2019 06:07pm","3N1CB51D42L605959",2002,"NISSAN","Sentra",,"jaimejr72@yahoo.com","Jaime","Aceves","Jaime Aceves","11/07/2018 09:11am",0,0,0,0,0,0,0,0,,"x","x","x","","2188250110","218","825","0110","CA","20 3rd st west Hardin,mt 59034","San Leandro","94577","United States of America",,,,,,,,,,,,"x",,,,,,,,,,,,,,,,,,,,,,,,,,,,,,,
"5d3f985b9e2d6656763298ab","11/07/2018 08:11am","524587686","07/29/2019 06:07pm","3N1CB51D42L605959",2002,"NISSAN","Sentra",,"jaimejr72@yahoo.com","Jaime","Aceves","Jaime Aceves","11/07/2018 09:11am",0,0,0,0,0,0,0,0,,"x","x","x","","2188250110","218","825","0110","CA","20 3rd st west Hardin,mt 59034","San Leandro","94577","United States of America",,,,,,,,,,,,"x",,,,,,,,,,,,,,,,,,,,,,,,,,,,,,,
"5d3f985b9e2d6656763298ac","11/07/2018 08:11am","524587686","07/29/2019 06:07pm","3N1CB51D42L605959",2002,"NISSAN","Sentra",,"jaimejr72@yahoo.com","Jaime","Aceves","Jaime Aceves","11/07/2018 09:11am",0,0,0,0,0,0,0,0,,"x","x","x","","2188250110","218","825","0110","CA","20 3rd st west Hardin,mt 59034","San Leandro","94577","United States of America",,,,,,,,,,,,"x",,,,,,,,,,,,,,,,,,,,,,,,,,,,,,,
"5d3f985b9e2d6656763298ad","11/07/2018 08:11am","524587686","07/29/2019 06:07pm","3N1CB51D42L605959",2002,"NISSAN","Sentra",,"jaimejr72@yahoo.com","Jaime","Aceves","Jaime Aceves","11/07/2018 09:11am",0,0,0,0,0,0,0,0,,"x","x","x","","2188250110","218","825","0110","CA","20 3rd st west Hardin,mt 59034","San Leandro","94577","United States of America",,,,,,,,,,,,"x",,,,,,,,,,,,,,,,,,,,,,,,,,,,,,,
"5d3f985b9e2d6656763298af","11/07/2018 08:11am","524587686","07/29/2019 06:07pm","3N1CB51D42L605959",2002,"NISSAN","Sentra",,"jaimejr72@yahoo.com","Jaime","Aceves","Jaime Aceves","11/07/2018 09:11am",0,0,0,0,0,0,0,0,,"x","x","x","","2188250110","218","825","0110","CA","20 3rd st west Hardin,mt 59034","San Leandro","94577","United States of America",,,,,,,,,,,,"x",,,,,,,,,,,,,,,,,,,,,,,,,,,,,,,
"5d3f985b9e2d6656763298b2","11/07/2018 08:11am","524587686","07/29/2019 06:07pm","3N1CB51D42L605959",2002,"NISSAN","Sentra",,"jaimejr72@yahoo.com","Jaime","Aceves","Jaime Aceves","11/07/2018 09:11am",0,0,0,0,0,0,0,0,,"x","x","x","","2188250110","218","825","0110","CA","20 3rd st west Hardin,mt 59034","San Leandro","94577","United States of America",,,,,,,,,,,,"x",,,,,,,,,,,,,,,,,,,,,,,,,,,,,,,
"5d3f985b9e2d6656763298b3","11/07/2018 08:11am","524587686","07/29/2019 06:07pm","3N1CB51D42L605959",2002,"NISSAN","Sentra",,"jaimejr72@yahoo.com","Jaime","Aceves","Jaime Aceves","11/07/2018 09:11am",0,0,0,0,0,0,0,0,,"x","x","x","","2188250110","218","825","0110","CA","20 3rd st west Hardin,mt 59034","San Leandro","94577","United States of America",,,,,,,,,,,,"x",,,,,,,,,,,,,,,,,,,,,,,,,,,,,,,
"5d3f985b9e2d665676329cc2","02/15/2019 11:12am","761473409","02/15/2019 10:36am","3N1CB51D42L615195",2002,"NISSAN","Sentra",,"vctent1969@aol.com","Verinia","Taylor","Verinia Taylor","02/15/2019 10:43am",0,0,0,0,0,0,0,0,,"x","x","x","","4153732386","415","373","2386","CA","Suite E, 2777 Alvarado Street","San Leandro","94577","United States of America",,,,,,,,,,,,"x",,,,,,,,,,,,,,,,,,,,,,,,,,,,,,,
"5d3f985b9e2d66567632a088","04/16/2019 10:37am","914836700","04/16/2019 10:26am","3N1CB51A12L551963",2002,"NISSAN","Sentra",,"graysouloh1@gmail.com","Donna","Gray","Donna Gray","04/16/2019 10:27am",0,0,0,0,0,0,0,0,,"x","x","x","","4153732386","415","373","2386","NC","718 Hodges St.","Eden","27288","United States of America",,,,,,,,,,,,"x",,,,,,,,,,,,,,,,,,,,,,,,,,,,,,,
"5d3f985b9e2d66567632a221","04/29/2019 10:42am","949845448","04/29/2019 10:30am","3N1CB51D42L653400",2002,"NISSAN","Sentra",,"faryreynozo@sbcglobal.net","Maria Elena","Reynozo","Maria Elena Reynozo","04/29/2019 10:32am",0,0,0,0,0,0,0,0,,"x","x","x","","4153732386","415","373","2386","TX","2714 Federal Ave.","El paso","79930","United States of America",,,,,,,,,,,,"x",,,,,,,,,,,,,,,,,,,,,,,,,,,,,,,
"5d3f985b9e2d66567632a2ed","05/07/2019 05:05pm","949845448","04/29/2019 10:30am","3N1CB51D42L653400",2002,"NISSAN","Sentra",,"faryreynozo@sbcglobal.net","Maria Elena","Reynozo","Maria Elena Reynozo","04/29/2019 10:32am",0,0,0,0,0,0,0,0,,"x","x","x","","4153732386","415","373","2386","TX","2714 Federal Ave.","El paso","79930","United States of America",,,,,,,,,,,,"x",,,,,,,,,,,,,,,,,,,,,,,,,,,,,,,
"5d3f985b9e2d66567632a2f1","05/07/2019 08:06pm","530755749","07/29/2019 06:07pm","3N1CB51D32L602681",2002,"NISSAN","Sentra",,"cruiser661us@yahoo.com","Michele","Carranza","Michele Carranza","05/07/2019 07:59pm",0,0,0,0,0,0,0,0,,"x","x","x","","4153732386","415","373","2386","CA","Suite E, 2777 Alvarado Street","San Leandro","94577","United States of America",,,,,,,,,,,,"x",,,,,,,,,,,,,,,,,,,,,,,,,,,,,,,
"5d3f985b9e2d66567632983c","10/23/2018 01:03pm","489648563","07/29/2019 06:07pm","3N1AB51D53L722278",2003,"NISSAN","Sentra",,"kat68_88@yahoo.com","Kaitlin","Carleton","Kaitlin Carleton","10/23/2018 01:03pm",0,0,0,0,0,0,0,0,,"x","x","x","","4153732386","415","373","2386","CA","Suite E, 2777 Alvarado Street","San Leandro","94577","United States of America",,,,,,,,,,,,,"x",,,,,,,,,,,,,,,,,,,,,,,,,,,,,,
"5d3f985b9e2d66567632a1e5","04/24/2019 10:28am","929065730","04/21/2019 03:37pm","3N1CB51D03L810518",2003,"NISSAN","Sentra",,"krystalreno50@yahoo.com","Krystal","Reno","Krystal Reno","04/21/2019 03:39pm",0,0,0,0,0,0,0,0,,"x","x","x","","8653133071","865","313","3071","TN","1526 Jourolman Ave ","Karns","37921","United States of America",,"8653139908","865","313","9908",,,,,,,,"x",,,,,,,,,,,,,,,,,,,,,,,,,,,,,,
"5d3f985b9e2d66567632a360","05/10/2019 09:00am","838224314","03/20/2019 08:08am","3N1AB51D83L725143",2003,"NISSAN","Sentra",,"rey31178@live.com","REYNALDO","PADRON","REYNALDO PADRON","03/20/2019 08:08am",0,0,0,0,0,0,0,0,,"x","x","x","","3602611063","360","261","1063","WA","1511 Coweeman Dr","Kelso","98626","United States of America",,,,,,,,,,,,,"x",,,,,,,,,,,,,,,,,,,,,,,,,,,,,,
"5d3f985b9e2d66567632a51c","05/14/2019 01:36pm","631005954","07/29/2019 06:07pm","3N1CB51D93L818875",2003,"NISSAN","Sentra",,"bootaz2000@gmail.com","Cheri","Boyd","Cheri Boyd","12/19/2018 07:27am",0,0,0,0,0,0,0,0,,"x","x","x","","5018653735","501","865","3735","CA","Suite E, 2777 Alvarado Street","San Leandro","94577","United States of America",,"5016274528","501","627","4528",,,,,,,,"x",,,,,,,,,,,,,,,,,,,,,,,,,,,,,,
"5d3f985b9e2d66567632a58a","06/08/2019 01:43pm","776248929","02/22/2019 02:29am","3N1CB51D73L813383",2003,"NISSAN","Sentra",,"shanettejenkins@yahoo.com","Shanette","Jenkins","Shanette Jenkins","02/22/2019 02:30am",0,0,0,0,0,0,0,0,,"x","x","x","","4153732386","415","373","2386","DC","2832 Hartford street se #302","Washington","20020","United States of America",,,,,,,,,,,,,"x",,,,,,,,,,,,,,,,,,,,,,,,,,,,,,
"5d3f985b9e2d6656763299cd","12/06/2018 03:29am","599553549","07/29/2019 06:07pm","3N1AB51A24L738543",2004,"NISSAN","Sentra",,"thermite@gmail.com","Glen","Elder","Glen Elder","12/06/2018 04:24am",0,0,0,0,0,0,0,0,,"x","","","x","9125809847","912","580","9847","CA","Suite E, 2777 Alvarado Street","San Leandro","94577","United States of America",,,,,,,,,,,,,,"x",,,,,,,,,,,,,,,,,,,,,,,,,,,,,
"5d3f985b9e2d665676329c1d","02/10/2019 06:14pm","747971534","02/10/2019 05:52pm","3N1AB51D74L735275",2004,"NISSAN","Sentra",,"e307018@aol.com","Gary","Vogel","Gary Vogel","02/10/2019 05:55pm",0,0,0,0,0,0,0,0,,"x","","","x","2154867662","215","486","7662","CA","Suite E, 2777 Alvarado Street","San Leandro","94577","United States of America",,"2672291368","267","229","1368",,,,,,,,,"x",,,,,,,,,,,,,,,,,,,,,,,,,,,,,
"5d3f985b9e2d665676329e00","03/05/2019 11:44pm","801910838","03/05/2019 10:07pm","3N1CB51D34L858788",2004,"NISSAN","Sentra",,"isaiahnjazmine2016@gmail.com","Alexander","Palma","Alexander Palma","03/05/2019 10:08pm",0,0,0,0,0,0,0,0,,"x","","","x","5628504563","562","850","4563","CA","5533 Long Beach Blvd Spc 3","Long beach","90805","United States of America",,"3103502666","310","350","2666",,"5626852479","562","685","2479",,,,"x",,,,,,,,,,,,,,,,,,,,,,,,,,,,,
"5d3f985b9e2d665676329e05","03/06/2019 09:48am","803141408","03/06/2019 09:37am","3N1CB51D64L468929",2004,"NISSAN","Sentra",,"je_warren@yahoo.com","John","Warren","John Warren","03/06/2019 09:41am",0,0,0,0,0,0,0,0,,"x","x","x","","4105514529","410","551","4529","CA","Suite E, 2777 Alvarado Street","San Leandro","94577","United States of America",,"4109526094","410","952","6094",,,,,,,,,"x",,,,,,,,,,,,,,,,,,,,,,,,,,,,,
"5d3f985b9e2d66567632a196","04/21/2019 07:11pm","929432647","04/21/2019 07:01pm","3N1CB51D64L879652",2004,"NISSAN","Sentra",,"skiptracer00@gmail.com","Michele","Fair","Michele Fair","04/21/2019 07:02pm",0,0,0,0,0,0,0,0,,"x","x","x","","7577711258","757","771","1258","NM","3300 Airport Rd. G19","Alamogordo","88310","United States of America",,,,,,,,,,,,,,"x",,,,,,,,,,,,,,,,,,,,,,,,,,,,,
"5d3f985b9e2d6656763297f5","10/19/2018 06:57am","480500469","07/29/2019 06:07pm","3N1CB51065L551617",2005,"NISSAN","Sentra",,"rstrick158@aol.com","Ramona","Strickland","Ramona Strickland","10/19/2018 06:57am",0,0,0,0,0,0,0,0,,"x","x","x","","4153732386","415","373","2386","CA","Suite E, 2777 Alvarado Street","San Leandro","94577","United States of America",,,,,,,,,,,,,,,"x",,,,,,,,,,,,,,,,,,,,,,,,,,,,
"5d3f985b9e2d66567632a1c2","04/22/2019 04:07pm","932129650","04/22/2019 02:55pm","3N1CB51D75L504015",2005,"NISSAN","Sentra",,"fairclothshell@aol.com","Michelle","Faircloth","Michelle Faircloth","04/22/2019 02:56pm",0,0,0,0,0,0,0,0,,"x","x","x","","9196083306","919","608","3306","NC","2289 Polenta Rd","Clayton","27520","United States of America",,"9196028055","919","602","8055",,,,,,,,,,"x",,,,,,,,,,,,,,,,,,,,,,,,,,,,
"5d3f985b9e2d66567632a414","05/11/2019 05:13am","641832516","07/29/2019 06:07pm","3N1CB51D75L479021",2005,"NISSAN","Sentra",,"homminga@juno.com","Angela","Homminga","Angela Homminga","12/24/2018 05:52am",0,0,0,0,0,0,0,0,,"x","x","x","","4153732386","415","373","2386","IL","2520 New Era Road Lot 32","Murphysboro","62966","United States of America",,,,,,,,,,,,,,,"x",,,,,,,,,,,,,,,,,,,,,,,,,,,,
"5d3f985b9e2d665676329777","10/14/2018 05:31pm","046959552","07/29/2019 06:07pm","3N1CB51D06L569998",2006,"NISSAN","Sentra",,"rsteen64@yahoo.com","Donna","Steen","Donna Steen","10/14/2018 05:31pm",0,0,0,0,0,0,0,0,,"x","x","x","","4153732386","415","373","2386","CA","Suite E, 2777 Alvarado Street","San Leandro","94577","United States of America",,,,,,,,,,,,,,,,"x",,,,,,,,,,,,,,,,,,,,,,,,,,,
"5d3f985b9e2d665676329abd","12/29/2018 01:21pm","604715335","07/29/2019 06:07pm","3N1CB51D16L463317",2006,"NISSAN","Sentra",,"tobnull@gmail.com","Brian","Null","Brian Null","12/08/2018 06:40am",0,0,0,0,0,0,0,0,,"x","x","x","","5129055388","512","905","5388","CA","Suite E, 2777 Alvarado Street","San Leandro","94577","United States of America",,"5129055386","512","905","5386",,"5129055356","512","905","5356",,,,,,"x",,,,,,,,,,,,,,,,,,,,,,,,,,,
"5d3f985b9e2d665676329b6a","02/03/2019 08:46am","727510915","02/01/2019 12:48pm","3N1CB51D26L632650",2006,"NISSAN","Sentra",,"lin1ne@hotmail.com","Lilith","Fuentes","Lilith Fuentes","02/01/2019 04:39pm",0,0,0,0,0,0,0,0,,"x","","","x","2394041119","239","404","1119","CA","Suite E, 2777 Alvarado Street","San Leandro","94577","United States of America",,"7864779841","786","477","9841",,"2392282850","239","228","2850",,,,,,"x",,,,,,,,,,,,,,,,,,,,,,,,,,,
"5d3f985b9e2d665676329d49","02/24/2019 05:34pm","781704625","02/24/2019 05:10pm","3N1CB51D36L551897",2006,"NISSAN","Sentra",,"candaceweiss34@yahoo.com","Candace","Weiss","Candace Weiss","02/24/2019 05:10pm",0,0,0,0,0,0,0,0,,"x","x","x","","6106577639","610","657","7639","CA","Suite E, 2777 Alvarado Street","San Leandro","94577","United States of America",,"6108682516","610","868","2516",,"4842742824","484","274","2824",,,,,,"x",,,,,,,,,,,,,,,,,,,,,,,,,,,
"5d3f985b9e2d665676329d60","02/25/2019 10:49am","783510223","02/25/2019 10:30am","3N1CB51DX6L549404",2006,"NISSAN","Sentra",,"sherrybenton1@aol.com","Sherry","Benton","Sherry Benton","02/25/2019 10:37am",0,0,0,0,0,0,0,0,,"x","x","x","","8103369711","810","336","9711","CA","Suite E, 2777 Alvarado Street","San Leandro","94577","United States of America",,,,,,,,,,,,,,,,"x",,,,,,,,,,,,,,,,,,,,,,,,,,,
"5d3f985b9e2d665676329d9e","02/28/2019 11:57am","791212155","02/28/2019 11:31am","3N1CB51D26L556668",2006,"NISSAN","Sentra",,"rborngen@yahoo.com","Rhonda","Borngen","Rhonda Borngen","02/28/2019 11:33am",0,0,0,0,0,0,0,0,,"x","x","x","","4153732386","415","373","2386","CA","Suite E, 2777 Alvarado Street","San Leandro","94577","United States of America",,,,,,,,,,,,,,,,"x",,,,,,,,,,,,,,,,,,,,,,,,,,,
"5d3f985b9e2d66567632a2b9","05/07/2019 09:31am","718610335","01/29/2019 09:31am","3N1CB51A66L572765",2006,"NISSAN","Sentra",,"st811@netzero.net","Stephen","Taylor","Stephen Taylor","05/07/2019 09:21am",0,0,0,0,0,0,0,0,,"x","x","x","","4153732386","415","373","2386","CA","Suite E, 2777 Alvarado Street","San Leandro","94577","United States of America",,,,,,,,,,,,,,,,"x",,,,,,,,,,,,,,,,,,,,,,,,,,,
"5d3f985b9e2d66567632a45d","05/11/2019 02:45pm","723176704","01/30/2019 11:40pm","3N1CB51D66L497592",2006,"NISSAN","Sentra",,"dlawton317@aol.com","Denise","Lawton","Denise Lawton","01/30/2019 11:43pm",0,0,0,0,0,0,0,0,,"x","x","x","","4153732386","415","373","2386","TX","9658 Sekula Dr.","San antonio","78250","United States of America",,,,,,,,,,,,,,,,"x",,,,,,,,,,,,,,,,,,,,,,,,,,,
"5d3f985b9e2d66567632a67b","07/27/2019 06:25am","525580548","07/29/2019 06:07pm","3N1CB51D961633360",2006,"NISSAN","Sentra",,"tiffany183@icloud.com","Tiffany","Perkins","Tiffany Perkins","11/07/2018 06:17pm",0,0,0,0,0,0,0,0,,"x","x","x","","6017155199","601","715","5199","Ms","P.O. Box 2515","Jackson","39207","United States of America",,"6017155172","601","715","5172",,,,,,,,,,,"x",,,,,,,,,,,,,,,,,,,,,,,,,,,
"5d3f985b9e2d66567632a6e1","07/27/2019 09:07am","1255171143","07/27/2019 08:55am","3N1CB51D76L623748",2006,"NISSAN","Sentra",,"donnamoller86@comcast.net","Donna","Moller","Donna Moller","07/27/2019 08:56am",0,0,0,0,0,0,0,0,,"x","x","x","","5085805578","508","580","5578","MA","86 malley ave","Avon",2322,"United States of America",,,,,,,,,,,,,,,,"x",,,,,,,,,,,,,,,,,,,,,,,,,,,
"5d3f985b9e2d66567632a784","07/27/2019 04:32pm","612228161","07/29/2019 06:07pm","3N1CB51D06L599390",2006,"NISSAN","Sentra",,"jasteige@gmail.com","Jane","Steigerwald","Jane Steigerwald","07/27/2019 04:14pm",0,0,0,0,0,0,0,0,,"x","x","x","","8125842953","812","584","2953","CA","Suite E, 2777 Alvarado Street","San Leandro","94577","United States of America",,,,,,,,,,,,,,,,"x",,,,,,,,,,,,,,,,,,,,,,,,,,,
"5d3f985b9e2d665676329986","11/19/2018 05:41pm","558209019","07/29/2019 06:07pm","3N1CE2CP8FL419845",2015,"NISSAN","Versa Note",,"kadierhodes@yahoo.com","Kadie","Rhodes","Kadie Rhodes","11/19/2018 06:19pm",0,0,0,0,0,0,0,0,,"x","x","x","","9364389233","936","438","9233","CA","Suite E, 2777 Alvarado Street","San Leandro","94577","United States of America",,"9364354884","936","435","4884",,"9367142594","936","714","2594",,,,,,,"x",,,,,,,,,,,,,,,,,,,,,,,,,,
"5d3f985b9e2d66567632a3d0","05/10/2019 05:37pm","899941316","04/10/2019 05:16pm","3N1CE2CPXFL438994",2015,"NISSAN","Versa Note",,"nlwpeacock@gmail.com","Nicole","Peacock","Nicole Peacock","04/10/2019 05:16pm",0,0,0,0,0,0,0,0,,"x","x","x","","3216100170","321","610","0170","FL","1016 Malone St NW","Palm bay","32907","United States of America",,,,,,,,,,,,,,,,,"x",,,,,,,,,,,,,,,,,,,,,,,,,,
"5d3f985b9e2d66567632a017","04/05/2019 03:00am","884465227","04/05/2019 02:39am","1N4AL2EPXDC166288",2013,"NISSAN","Altima",,"rdg89@aol.com","Ricky","Gardner","Ricky Gardner","04/05/2019 02:40am",0,0,0,0,0,0,0,0,,"x","x","x","","4178488251","417","848","8251","MO","7083 W Farm Road 182","Republic","65738","United States of America",,"4172991394","417","299","1394",,"4178187435","417","818","7435",,,,,,,,"x",,,,,,,,,,,,,,,,,,,,,,,,,
"5d3f985b9e2d66567632a821","07/28/2019 08:40pm","720975223","01/30/2019 05:52am","1N4AL3AP6DN542632",2013,"NISSAN","Altima",,"mbams913@gmail.com","Brian","Conley","Brian Conley","01/30/2019 05:55am",0,0,0,0,0,0,0,0,"Dog and child care ","x","x","x","","6122317686","612","231","7686","CA","Suite E, 2777 Alvarado Street","San Leandro","94577","United States of America",,,,,,,,,,,,,,,,,,"x",,,,,,,,,,,,,,,,,,,,,,,,,
"5d3f985b9e2d66567632a36d","05/10/2019 09:39am","900638802","04/11/2019 00:46am","1N4AL3AP0EN359499",2014,"NISSAN","Altima",,"derrikam@gmail.com","LaVette","Howard","LaVette Howard","04/11/2019 00:47am",0,0,0,0,0,0,0,0,,"x","x","x","","9854989321","985","498","9321","LA","929 Railroad Ave","Morgan city","70380","United States of America",,,,,,,,,,,,,,,,,,,"x",,,,,,,,,,,,,,,,,,,,,,,,
"5d3f985b9e2d66567632a4b1","05/12/2019 10:08am","781361040","02/24/2019 12:52pm","1N4AL3AP5EN383684",2014,"NISSAN","Altima",,"ajtjs@roadrunner.com","George","Melvin","George Melvin","02/24/2019 12:54pm",0,0,0,0,0,0,0,0,,"x","x","x","","6066153281","606","615","3281","CA","Suite E, 2777 Alvarado Street","San Leandro","94577","United States of America",,,,,,,,,,,,,,,,,,,"x",,,,,,,,,,,,,,,,,,,,,,,,
"5d3f985b9e2d665676329b61","02/02/2019 05:21pm","729311826","02/02/2019 12:06pm","1N4AL3AP8FN358411",2015,"NISSAN","ALTIMA",,"tommy695@hotmail.com","Lowry,","Poole","Lowry, Poole","02/02/2019 12:17pm",0,0,0,0,0,0,0,0,,"x","x","x","","5026824789","502","682","4789","CA","Suite E, 2777 Alvarado Street","San Leandro","94577","United States of America",,"5022296513","502","229","6513",,"5023305074","502","330","5074",,,,,,,,,,"x",,,,,,,,,,,,,,,,,,,,,,,
"5d3f985b9e2d665676329d5c","02/25/2019 07:43am","783064732","02/25/2019 07:22am","1N4AL3AP3FN364732",2015,"NISSAN","Altima",,"lkc27@hotmail.com","Laura","Carm","Laura Carm","02/25/2019 07:36am",0,0,0,0,0,0,0,0,,"x","x","x","","8323816702","832","381","6702","TX","30000 FM 2978 #1331","Zcta 77354","77354","United States of America",,"8323816220","832","381","6220",,"8323818941","832","381","8941",,,,,,,,,,"x",,,,,,,,,,,,,,,,,,,,,,,
"5d3f985b9e2d665676329f41","03/22/2019 09:58pm","845607644","03/22/2019 09:46pm","1N4AL3AP3FC579734",2015,"NISSAN","Altima",,"katschkefamily@aol.com","Alma","Katschke","Alma Katschke","03/22/2019 09:48pm",0,0,0,0,0,0,0,0,,"x","x","x","","7025629404","702","562","9404","NV","6945 Erin Circle","Zcta 89145","89145","United States of America",,"7022925507","702","292","5507",,"7022925506","702","292","5506",,,,,,,,,,"x",,,,,,,,,,,,,,,,,,,,,,,
"5d3f985b9e2d66567632a737","07/27/2019 11:43am","407119438","07/29/2019 06:07pm","1N4AL3AP0FC485763",2015,"NISSAN","Altima",,"stephen.r.starr@gmail.com","Stephen","Starr","Stephen Starr","09/12/2018 01:33am",0,0,0,0,0,0,0,0,,"x","x","x","","2153802474","215","380","2474","PA","1009 Farm Ln","Maple glen","19002-5004","United States of America",,,,,,,,,,,,,,,,,,,,"x",,,,,,,,,,,,,,,,,,,,,,,
"5d3f985b9e2d66567632a614","07/27/2019 02:08am","1253265130","07/27/2019 01:48am","1N4AL3AP7GC225863",2016,"NISSAN","Altima",,"traylorw@gmail.com","Wanda","Irons-Traylor","Wanda Irons-Traylor","07/27/2019 01:52am",0,0,0,0,0,0,0,0,,"x","x","x","","3524953990","352","495","3990","CA","Suite E, 2777 Alvarado Street","San Leandro","94577","United States of America",,"3522196379","352","219","6379",,"3522465110","352","246","5110",,,,,,,,,,,"x",,,,,,,,,,,,,,,,,,,,,,
"5d3f985b9e2d66567632a113","04/19/2019 02:37pm","924300553","04/19/2019 02:06pm","1N4AL3AP7HC483303",2017,"NISSAN","Altima",,"mrs.jojo2@gmail.com","Josephine","Johnson","Josephine Johnson","04/19/2019 02:07pm",0,0,0,0,0,0,0,0,,"x","x","x","","8602301824","860","230","1824","CA","356 Fryman Court ","Oceanside ","92058","United States of America",,"2692706435","269","270","6435",,"7604290235","760","429","0235",,,,,,,,,,,,"x",,,,,,,,,,,,,,,,,,,,,
"5d3f985b9e2d66567632a2e1","05/07/2019 02:20pm","634622899","07/29/2019 06:07pm","1N4AL3AP8HC180322",2017,"NISSAN","Altima",,"tiennharris123@gmail.com","Tienn","Harris","Tienn Harris","12/20/2018 04:27pm",0,0,0,0,0,0,0,0,,"x","x","x","","2673232878","267","323","2878","PA","8123 Williams Avenue ","Philadelphia","19150","United States of America",,"4436219953","443","621","9953",,,,,,,,,,,,,,,,,"x",,,,,,,,,,,,,,,,,,,,,
"5d3f985b9e2d665676329aa9","12/25/2018 06:29pm","644715424","07/29/2019 06:07pm","JN1AZ4FH8AM303720",2010,"NISSAN","370Z",,"ammadchanna@hotmail.com","Amad","Channa","Amad Channa","12/25/2018 07:18pm",0,0,0,0,0,0,0,0,,"x","x","x","","7327880533","732","788","0533","CA","Suite E, 2777 Alvarado Street","San Leandro","94577","United States of America",,,,,,,,,,,,,,,,,,,,,,,"x",,,,,,,,,,,,,,,,,,,,
"5d3f985b9e2d665676329cdc","02/16/2019 09:48pm","764325030","02/16/2019 09:32pm","JN1AZ4EH2BM551271",2011,"NISSAN","370Z",,"aessedai03@yahoo.com","Sandra","Depping","Sandra Depping","02/16/2019 09:33pm",0,0,0,0,0,0,0,0,,"x","","","x","9802005757","980","200","5757","CA","Suite E, 2777 Alvarado Street","San Leandro","94577","United States of America",,"6184015615","618","401","5615",,"7047762001","704","776","2001",,,,,,,,,,,,,,"x",,,,,,,,,,,,,,,,,,,
"5d3f985b9e2d665676329fc9","03/30/2019 08:25pm","867944010","03/30/2019 08:01pm","JN1AZ4EH7CM565345",2012,"NISSAN","370Z",,"jeanettef1@hotmail.com","Jeanette","Flores","Jeanette Flores","03/30/2019 08:08pm",0,0,0,0,0,0,0,0,,"x","x","x","","7173492304","717","349","2304","CA","22934 Briarwood Dr","Zcta 92883","92883","United States of America",,"7143492304","714","349","2304",,,,,,,,,,,,,,,,,,,,"x",,,,,,,,,,,,,,,,,,
"5d3f985b9e2d66567632a301","05/08/2019 07:25am","752850330","02/12/2019 07:14am","JN1AZ4FH4DM790242",2013,"NISSAN","370Z",,"ksmiller1505@yahoo.com","Kelly","Miller","Kelly Miller","05/08/2019 07:18am",0,0,0,0,0,0,0,0,,"x","x","x","","6158188913","615","818","8913","TN","143 W Harbor","Hendersonville","37075","United States of America",,"6154736031","615","473","6031",,"6154566463","615","456","6463",,,,,,,,,,,,,,,,"x",,,,,,,,,,,,,,,,,
"5d3f985b9e2d66567632a6a4","07/27/2019 07:11am","754409826","02/12/2019 05:34pm","JN8AZ28R39T100599",2009,"NISSAN","Cube",,"mlslivewell@gmail.com","Marian","Skinner","Marian Skinner","07/27/2019 06:42am",0,0,0,0,0,0,0,0,,"x","x","x","","4153732386","415","373","2386","CA","Suite E, 2777 Alvarado Street","San Leandro","94577","United States of America",,,,,,,,,,,,,,,,,,,,,,,,,,,"x",,,,,,,,,,,,,,,,
"5d3f985b9e2d665676329a09","12/09/2018 02:15pm","607457166","07/29/2019 06:07pm","1N6BA1F42GN510382",2016,"NISSAN","Titan",,"keribpace@gmail.com","Keri","Pace","Keri Pace","12/09/2018 03:08pm",0,0,0,0,0,0,0,0,,"x","","","x","4358362212","435","836","2212","CA","Suite E, 2777 Alvarado Street","San Leandro","94577","United States of America",,,,,,,,,,,,,,,,,,,,,,,,,,,,"x",,,,,,,,,,,,,,,
"5d3f985b9e2d665676329a0c","12/09/2018 02:22pm","607457166","07/29/2019 06:07pm","1N6BA1F42GN510382",2016,"NISSAN","Titan",,"keribpace@gmail.com","Keri","Pace","Keri Pace","12/09/2018 03:08pm",0,0,0,0,0,0,0,0,,"x","x","x","x","4358362212","435","836","2212","CA","Suite E, 2777 Alvarado Street","San Leandro","94577","United States of America",,,,,,,,,,,,,,,,,,,,,,,,,,,,"x",,,,,,,,,,,,,,,
"5d3f985b9e2d665676329fc9","03/30/2019 08:25pm","867944010","03/30/2019 08:01pm","1N6AA1E64HN508715",2017,"NISSAN","Titan",,"jeanettef1@hotmail.com","Jeanette","Flores","Jeanette Flores","03/30/2019 08:08pm",0,0,0,0,0,0,0,0,,"x","x","x","","7173492304","717","349","2304","CA","22934 Briarwood Dr","Zcta 92883","92883","United States of America",,"7143492304","714","349","2304",,,,,,,,,,,,,,,,,,,,,,,,"x",,,,,,,,,,,,,,
"5d3f985b9e2d66567632a674","07/27/2019 06:10am","1253623348","07/27/2019 03:45am","1N6AA1E51HN573514",2017,"NISSAN","Titan",,"mvezevicius@icloud.com","Michael","Vezevicius","Michael Vezevicius","07/27/2019 03:46am",0,0,0,0,0,0,0,0,,"x","x","x","","9128005820","912","800","5820","GA","254 Cantebury St","Rincon","31326","United States of America",,"8503336838","850","333","6838",,"8503331238","850","333","1238",,,,,,,,,,,,,,,,,,,"x",,,,,,,,,,,,,,
"5d3f985b9e2d66567632a6c2","07/27/2019 08:07am","1253623348","07/27/2019 03:45am","1N6AA1E51HN573514",2017,"NISSAN","Titan",,"mvezevicius@icloud.com","Michael","Vezevicius","Michael Vezevicius","07/27/2019 03:46am",0,0,0,0,0,0,0,0,,"x","x","x","","9128005820","912","800","5820","GA","254 Cantebury St","Rincon","31326","United States of America",,"8503336838","850","333","6838",,"8503331238","850","333","1238",,,,,,,,,,,,,,,,,,,"x",,,,,,,,,,,,,,
"5d3f985b9e2d665676329d73","02/26/2019 06:59am","785307642","02/26/2019 05:14am","5N1AT2MK5FC892753",2015,"NISSAN","Rogue",,"volta88@gmail.com","Colleen","Burke","Colleen Burke","02/26/2019 05:20am",0,0,0,0,0,0,0,0,,"x","x","x","","7033329654","703","332","9654","CA","Suite E, 2777 Alvarado Street","San Leandro","94577","United States of America",,,,,,,,,,,,,,,,,,,,,,,,,,,,,,"x",,,,,,,,,,,,,
"5d3f985b9e2d66567632a017","04/05/2019 03:00am","884465227","04/05/2019 02:39am","5N1AT2MV5FC780349",2015,"NISSAN","Rogue",,"rdg89@aol.com","Ricky","Gardner","Ricky Gardner","04/05/2019 02:40am",0,0,0,0,0,0,0,0,,"x","x","x","","4178488251","417","848","8251","MO","7083 W Farm Road 182","Republic","65738","United States of America",,"4172991394","417","299","1394",,"4178187435","417","818","7435",,,,,,,,,,,,,,,,,,,,"x",,,,,,,,,,,,,
"5d3f985b9e2d66567632a081","04/15/2019 08:55pm","913141346","04/15/2019 08:37pm","JN8AT2MT7GW026425",2016,"NISSAN","Rogue",,"elmomckinney@comcast.net","Elmo","McKinney Jr.","Elmo McKinney Jr.","04/15/2019 08:40pm",0,0,0,0,0,0,0,0,,"x","x","x","","3315758202","331","575","8202","IL","601 E. Countryside Pkwy Unit 211","Yorkville","60560","United States of America",,"3312278279","331","227","8279",,"3319992317","331","999","2317",,,,,,,,,,,,,,,,,,,,,"x",,,,,,,,,,,,
"5d3f985b9e2d665676329fca","03/30/2019 09:33pm","868037124","03/30/2019 09:25pm","KNMAT2MT5HP565357",2017,"NISSAN","Rogue",,"jadahl1987@gmail.com","Justin","Dahl","Justin Dahl","03/30/2019 09:27pm",0,0,0,0,0,0,0,0,,"x","x","x","","7023363179","702","336","3179","NV","2621 Natalie Ave ","Las vegas","89121","United States of America",,"7023332281","702","333","2281",,"7029185447","702","918","5447",,,,,,,,,,,,,,,,,,,,,,"x",,,,,,,,,,,
"5d3f985b9e2d66567632a640","07/27/2019 04:31am","733336422","02/04/2019 06:10am","5N1AT2MT6HC771824",2017,"NISSAN","Rogue",,"shoop73@sbcglobal.net","Timothy","Shoopman","Timothy Shoopman","07/27/2019 04:15am",0,0,0,0,0,0,0,0,,"x","x","x","","4153732386","415","373","2386","CA","Suite E, 2777 Alvarado Street","San Leandro","94577","United States of America",,,,,,,,,,,,,,,,,,,,,,,,,,,,,,,,"x",,,,,,,,,,,
"5d3f985b9e2d66567632a708","07/27/2019 09:54am","1255338114","07/27/2019 09:30am","5N1AT2MT1HC830763",2017,"NISSAN","Rogue",,"raiderunit@hotmail.com","Erick","Diaz","Erick Diaz","07/27/2019 09:30am",0,0,0,0,0,0,0,0,,"x","x","x","","9099045646","909","904","5646","CA","Suite E, 2777 Alvarado Street","San Leandro","94577","United States of America",,"9099045616","909","904","5616",,,,,,,,,,,,,,,,,,,,,,,,,,,"x",,,,,,,,,,,
"5d3f985b9e2d66567632a7db","07/28/2019 09:15am","915824136","04/16/2019 05:15pm","5N1AT2MT1HC749695",2017,"NISSAN","Rogue",,"allisonduncan1@msn.com","Allison","Duncan","Allison Duncan","04/16/2019 05:18pm",0,0,0,0,0,0,0,0,,"x","x","x","","6159745579","615","974","5579","TN","3436 Eastwood Drive","Clarksville","37043","United States of America",,"6159446562","615","944","6562",,"6159745125","615","974","5125",,,,,,,,,,,,,,,,,,,,,,"x",,,,,,,,,,,
"5d3f985b9e2d66567632a0aa","04/17/2019 01:09pm","918459904","04/17/2019 12:57pm","SJKCH5CR8HA023087",2017,"INFINITI","QX30",,"jmougette@yahoo.com","JOSEPH","Mougette","JOSEPH Mougette","04/17/2019 12:58pm",0,0,0,0,0,0,0,0,,"x","x","x","","4153732386","415","373","2386","IL","1228 Clyde dr ","Naperville","60540","United States of America",,,,,,,,,,,,,,,,,,,,,,,,,,,,,,,,,"x",,,,,,,,,,
"5d3f985b9e2d66567632a6b7","07/27/2019 07:39am","747080148","02/10/2019 08:18am","JNKAY01E36M112413",2006,"INFINITI","M35",,"smmiller1973@gmail.com","Shawn","Miller","Shawn Miller","02/10/2019 08:19am",0,0,0,0,0,0,0,0,,"x","","","x","9095442133","909","544","2133","CA","Suite E, 2777 Alvarado Street","San Leandro","94577","United States of America",,"9098005361","909","800","5361",,"9095397276","909","539","7276",,,,,,,,,,,,,,,,,,,,,,,,"x",,,,,,,,,
"5d3f985b9e2d665676329d47","02/24/2019 05:10pm","781696344","02/24/2019 05:04pm","JNKBY01E17M402025",2007,"INFINITI","M45",,"andrew.walford@gmail.com","Andrew","Walford","Andrew Walford","02/24/2019 05:05pm",0,0,0,0,0,0,0,0,,"x","","","x","9515060540","951","506","0540","CA","Suite E, 2777 Alvarado Street","San Leandro","94577","United States of America",,"9492912334","949","291","2334",,,,,,,,,,,,,,,,,,,,,,,,,,,,,,"x",,,,,,,,
"5d3f985b9e2d665676329d34","02/24/2019 02:50am","718959353","01/29/2019 11:23am","JNRAS08W43X001610",2003,"INFINITI","FX35",,"kayalkarim@yahoo.com","Kay","Schwartz","Kay Schwartz","01/29/2019 11:26am",0,0,0,0,0,0,0,0,,"x","x","x","","4153732386","415","373","2386","CA","Suite E, 2777 Alvarado Street","San Leandro","94577","United States of America",,,,,,,,,,,,,,,,,,,,,,,,,,,,,,,,,,,,"x",,,,,,,
"5d3f985b9e2d66567632a517","05/14/2019 10:30am","927686734","04/21/2019 03:42am","JNRAS08U43X000603",2003,"INFINITI","FX35",,"azforker@aol.com","Charles","Forker","Charles Forker","04/21/2019 03:43am",0,0,0,0,0,0,0,0,,"x","x","x","","4153732386","415","373","2386","CA","Suite E, 2777 Alvarado Street","San Leandro","94577","United States of America",,,,,,,,,,,,,,,,,,,,,,,,,,,,,,,,,,,,"x",,,,,,,
"5d3f985b9e2d66567632a285","05/07/2019 05:59am","459351394","07/29/2019 06:07pm","JNRAS08W94X225697",2004,"INFINITI","FX35",,"1976wsushocker@gmail.com","Marc","Anderson","Marc Anderson","10/09/2018 05:27am",0,0,0,0,0,0,0,0,,"x","x","x","","3165196068","316","519","6068","KS","1325 E Blue Spruce Rd","Derby","67037","United States of America",,"3167886069","316","788","6069",,"3165196069","316","519","6069",,,,,,,,,,,,,,,,,,,,,,,,,,,"x",,,,,,
"5d3f985b9e2d66567632a15e","04/20/2019 05:31pm","926960111","04/20/2019 05:01pm","JNRAS08U55X102043",2005,"INFINITI","FX35",,"ljsimien@yahoo.com","Larry","Simien","Larry Simien","04/20/2019 05:03pm",0,0,0,0,0,0,0,0,,"x","","","x","4153732386","415","373","2386","TX","Suite E, 2777 Alvarado Street","Houston","77090","United States of America",,,,,,,,,,,,,,,,,,,,,,,,,,,,,,,,,,,,,,"x",,,,,
"5d3f985b9e2d665676329a75","12/18/2018 06:44am","628164137","07/29/2019 06:07pm","JNRAS08W47X209993",2007,"INFINITI","FX35",,"pamelae123@yahoo.com","Pamela","Emery","Pamela Emery","12/18/2018 06:43am",0,0,0,0,0,0,0,0,,"x","x","x","","4179885124","417","988","5124","CA","Suite E, 2777 Alvarado Street","San Leandro","94577","United States of America",,,,,,,,,,,,,,,,,,,,,,,,,,,,,,,,,,,,,,,"x",,,,
"5d3f985b9e2d665676329bf7","02/06/2019 06:43am","475417011","07/29/2019 06:07pm","JNRAS08U37X100519",2007,"INFINITI","FX35",,"bg740000@yahoo.com","Patrick","Browning","Patrick Browning","10/17/2018 03:14am",0,0,0,0,0,0,0,0,,"x","x","x","","8325771153","832","577","1153","TX","3386 Tampa Street","Houston","77021.0","United States of America",,,,,,,,,,,,,,,,,,,,,,,,,,,,,,,,,,,,,,,"x",,,,
"5d3f985b9e2d665676329f97","03/25/2019 08:12am","851062619","03/24/2019 12:53pm","JNRAS08W38X209386",2008,"INFINITI","FX35",,"pquinn44@cox.net","Pamela","quinn","Pamela quinn","03/24/2019 12:55pm",0,0,0,0,0,0,0,0,,"x","x","x","","4013331170","401","333","1170","RI","1144 great rd","Lincoln","2865","United States of America",,"4013591170","401","359","1170",,"4013590863","401","359","0863",,,,,,,,,,,,,,,,,,,,,,,,,,,,,,"x",,,
"5d3f985b9e2d66567632a1b3","04/22/2019 11:53am","929248527","04/21/2019 05:15pm","JNRAS08W18X207412",2008,"INFINITI","FX35",,"stoddard@rocketmail.com","Robert","Stoddard","Robert Stoddard","04/21/2019 05:15pm",0,0,0,0,0,0,0,0,,"x","x","x","","2032490223","203","249","0223","CT","45 Middlesex Road","Darien","6820","United States of America",,"2035699609","203","569","9609",,"9148431747","914","843","1747",,,,,,,,,,,,,,,,,,,,,,,,,,,,,,"x",,,
"5d3f985b9e2d66567632a25c","05/07/2019 03:19am","851062619","03/24/2019 12:53pm","JNRAS08W38X209386",2008,"INFINITI","FX35",,"pquinn44@cox.net","Pamela","quinn","Pamela quinn","03/24/2019 12:55pm",0,0,0,0,0,0,0,0,,"x","x","x","","4013331170","401","333","1170","RI","1144 great rd","Lincoln","2865","United States of America",,"4013591170","401","359","1170",,"4013590863","401","359","0863",,,,,,,,,,,,,,,,,,,,,,,,,,,,,,"x",,,
"5d3f985b9e2d66567632987a","11/06/2018 09:49am","522196583","07/29/2019 06:07pm","JNRDR09Y22W262246",2002,"INFINITI","QX4",,"levon_marks@cabotcmp.com","Levon","Marks","Levon Marks","11/06/2018 10:49am",0,0,0,0,0,0,0,0,,"x","x","x","","7738281790","773","828","1790","CA","Suite E, 2777 Alvarado Street","San Leandro","94577","United States of America",,"6303333015","630","333","3015",,"7738281790","773","828","1790",,,,,,,,,,,,,,,,,,,,,,,,,,,,,,,"x",,
"5d3f985b9e2d665676329e01","03/06/2019 06:38am","802707030","03/06/2019 06:24am","JNKDA31A12T010768",2002,"INFINITI","I35",,"jdcichaski@icloud.com","Jean","Cichaski","Jean Cichaski","03/06/2019 06:25am",0,0,0,0,0,0,0,0,,"x","x","x","","4153732386","415","373","2386","CA","Suite E, 2777 Alvarado Street","San Leandro","94577","United States of America",,,,,,,,,,,,,,,,,,,,,,,,,,,,,,,,,,,,,,,,,,"x",
"5d3f985b9e2d66567632993b","11/11/2018 04:32pm","535667027","07/29/2019 06:07pm","JNKDA31A14T206549",2004,"INFINITI","I35",,"mail@paulhinman.net","Paul","Hinman","Paul Hinman","11/11/2018 05:32pm",0,0,0,0,0,0,0,0,,"x","","","x","7182077818","718","207","7818","CA","Suite E, 2777 Alvarado Street","San Leandro","94577","United States of America",,"7182079803","718","207","9803",,,,,,,,,,,,,,,,,,,,,,,,,,,,,,,,,,,,,,"x"
"5d3f985b9e2d66567632993c","11/11/2018 04:32pm","535667027","07/29/2019 06:07pm","JNKDA31A14T206549",2004,"INFINITI","I35",,"mail@paulhinman.net","Paul","Hinman","Paul Hinman","11/11/2018 05:32pm",0,0,0,0,0,0,0,0,,"x","","","x","7182077818","718","207","7818","CA","Suite E, 2777 Alvarado Street","San Leandro","94577","United States of America",,"7182079803","718","207","9803",,,,,,,,,,,,,,,,,,,,,,,,,,,,,,,,,,,,,,"x"
"5d3f985b9e2d6656763299d2","12/06/2018 09:44am","600383919","07/29/2019 06:07pm","JNKDA31A24T201845",2004,"INFINITI","I35",,"rellekzone64@gmail.com","Benjamin","Keller","Benjamin Keller","12/06/2018 10:34am",0,0,0,0,0,0,0,0,,"x","x","x","","3237342295","323","734","2295","CA","Suite E, 2777 Alvarado Street","San Leandro","94577","United States of America",,,,,,,,,,,,,,,,,,,,,,,,,,,,,,,,,,,,,,,,,,,"x"