"_id","userId","url","confirmed","created","vehicleId","VIN","notes","year","make","model","class","email","fname","lname","name","agreement_date","user_created","phone_0","phone_0_area","phone_0_prefix","phone_0_suffix","phone_1","phone_1_area","phone_1_prefix","phone_1_suffix","address_state","address_street","address_city","address_zip","address_country","phone_2","phone_2_area","phone_2_prefix","phone_2_suffix","vinImage_0_id","vinImage_0_url","vinImage_0_status"
"5c64f6977731ef3b1fb8d114","757492728","",1,1550120599503,"5c64f6957731ef3b1fb8d0f2","5FNYF48469B010076","0 - VIN decoded clean. Check Digit (9th position) is correct",2009,"HONDA","Pilot","Sport Utility Vehicle (SUV)/Multi Purpose Vehicle (MPV)","laurieap@protonmail.com","Laurie","Powell","Laurie Powell","02/13/2019 08:51pm","02/13/2019 08:47pm","9492337444","949","233","7444","9135385960","913","538","5960","CA","Suite E, 2777 Alvarado Street","San Leandro","94577","United States of America",,,,,,,
"5c7d5767a58e6f208b1d2609","798459119","",1,1551718247471,"5c7d5766a58e6f208b1d25ef","5FNYF48449B043464","0 - VIN decoded clean. Check Digit (9th position) is correct",2009,"HONDA","Pilot","Sport Utility Vehicle (SUV)/Multi Purpose Vehicle (MPV)","the3ncs@gmail.com","Nicole","Cline","Nicole Cline","03/04/2019 08:48am","03/04/2019 08:46am","3603176778","360","317","6778","3609827268","360","982","7268","WA","1115 Olga rd #1023","Eastsound","98245","United States of America",,,,,,,
"5cd1b2231429712002946974","627839077","",1,1557246499121,"5cd1b2211429712002946935","5FNYF386098027161","1 - Check Digit (9th position) does not calculate properly; 4 - VIN corrected, error in one position only (indicated by ! in Suggested VIN), multiple matches found",2009,"HONDA","Pilot","Sport Utility Vehicle (SUV)/Multi Purpose Vehicle (MPV)","steve@jsblack.com","Steve","Black","Steve Black","12/18/2018 04:26am","07/16/2019 07:58pm","9183767122","918","376","7122",,,,,"CA","Suite E, 2777 Alvarado Street","San Leandro","94577","United States of America",,,,,,,
"5c7debd5bb1688bfc8f27325","799418209","",1,1551756245509,"5c7debd4bb1688bfc8f27320","5FNYF38419B000582","0 - VIN decoded clean. Check Digit (9th position) is correct",2009,"HONDA","Pilot","Sport Utility Vehicle (SUV)/Multi Purpose Vehicle (MPV)","bizzybamababe@yahoo.com","Dorothy","McKay","Dorothy McKay","03/04/2019 06:44pm","03/04/2019 06:44pm","3344127555","334","412","7555","2516612109","251","661","2109","CA","Suite E, 2777 Alvarado Street","San Leandro","94577","United States of America","3344129261","334","412","9261",,,
"5cd632e971063d888bc53a85","948245107","",1,1557541609725,"5cd632e871063d888bc53a71","5FNYF38449B010166","0 - VIN decoded clean. Check Digit (9th position) is correct",2009,"HONDA","Pilot","Sport Utility Vehicle (SUV)/Multi Purpose Vehicle (MPV)","allenvp111@gmail.com","Valerie","Allen","Valerie Allen","04/28/2019 08:41pm","04/28/2019 08:39pm","4153732386","415","373","2386",,,,,"CA","Suite E, 2777 Alvarado Street","San Leandro","94577","United States of America",,,,,,,
"5cdded7f76cc5ac210e609c8","596372842","",1,1558048127443,"5cdded7d76cc5ac210e60997","5FNYF385X9B018636","0 - VIN decoded clean. Check Digit (9th position) is correct",2009,"HONDA","Pilot","Sport Utility Vehicle (SUV)/Multi Purpose Vehicle (MPV)","jaywilliams50@aol.com","Jason","Williams","Jason Williams","12/04/2018 10:23pm","07/16/2019 07:58pm","4153732386","415","373","2386",,,,,"CA","137 dogwood trail lane ","Indian land ","29707","United States of America",,,,,"5cdded1676cc5ac210e5e92c","https://storage.googleapis.com/media.helloumi.com/customers/10021633/9BGMLI1CEU1YESLRFH3J2QAEVTNOZ3XD.jpg",1
"5cd98627bc3d029f3eb509f0","775986613","",1,1557759527503,"5cd98622bc3d029f3eb508bb","5FNYF48689B031366","0 - VIN decoded clean. Check Digit (9th position) is correct",2009,"HONDA","Pilot","Sport Utility Vehicle (SUV)/Multi Purpose Vehicle (MPV)","t-bone1977@comcast.net","Thomas","Ferranti","Thomas Ferranti","02/21/2019 11:14pm","02/21/2019 11:13pm","4153732386","415","373","2386",,,,,"CA","Suite E, 2777 Alvarado Street","San Leandro","94577","United States of America",,,,,,,