"_id","userId","url","confirmed","created","vehicleId","VIN","notes","year","make","model","class","email","fname","lname","name","agreement_date","user_created","phone_0","phone_0_area","phone_0_prefix","phone_0_suffix","phone_1","phone_1_area","phone_1_prefix","phone_1_suffix","address_state","address_street","address_city","address_zip","address_country","phone_2","phone_2_area","phone_2_prefix","phone_2_suffix"
"5c61fcf15e3a9107188835ac","750505001","",1,1549925617411,"5c61fcf05e3a91071888357e","2HKYF18613H509683","0 - VIN decoded clean. Check Digit (9th position) is correct",2003,"HONDA","Pilot","Sport Utility Vehicle (SUV)/Multi Purpose Vehicle (MPV)","jaron002@gmail.com","Jaron","Harris","Jaron Harris","02/11/2019 02:45pm","02/11/2019 02:44pm","8568340286","856","834","0286","8563813447","856","381","3447","CA","Suite E, 2777 Alvarado Street","San Leandro","94577","United States of America",,,,
"5c755b5d832d71da0660ffdd","785610659","",1,1551194973349,"5c755b5c832d71da0660ffb5","2HKYF18663H520985","0 - VIN decoded clean. Check Digit (9th position) is correct",2003,"HONDA","Pilot","Sport Utility Vehicle (SUV)/Multi Purpose Vehicle (MPV)","lfoleyvinay@uri.edu","Linda","Foley-Vinay","Linda Foley-Vinay","02/26/2019 07:24am","02/26/2019 07:21am","5083500032","508","350","0032","7742233474","774","223","3474","CA","Suite E, 2777 Alvarado Street","San Leandro","94577","United States of America",,,,
"5c925bf6699dbc26c9824c54","838180510","",1,1553095670895,"5c925bf4699dbc26c9824bc2","2HKYF18403H514999","0 - VIN decoded clean. Check Digit (9th position) is correct",2003,"HONDA","Pilot","Sport Utility Vehicle (SUV)/Multi Purpose Vehicle (MPV)","jessica.woodmanhardy@gmail.com","Jessica","Woodman-Hardy","Jessica Woodman-Hardy","03/20/2019 07:54am","03/20/2019 07:54am","6174139851","617","413","9851","4137729847","413","772","9847","MA","601 Route 28, Apartment 209","Harwich port","2646","United States of America",,,,
"5c83d017b5585721d9a14de8","809559146","",1,1552142359186,"5c83d016b5585721d9a14db4","2HKYF185X3H585068","0 - VIN decoded clean. Check Digit (9th position) is correct",2003,"HONDA","Pilot","Sport Utility Vehicle (SUV)/Multi Purpose Vehicle (MPV)","ispradley@aol.com","Iran","Spradley","Iran Spradley","03/09/2019 06:29am","03/09/2019 06:28am","6509488841","650","948","8841","6502085721","650","208","5721","CA","Suite E, 2777 Alvarado Street","San Leandro","94577","United States of America","6502085723","650","208","5723"
"5c94d1a13ab792ceaa324f63","843724922","",1,1553256865507,"5c94d1a03ab792ceaa324f17","2HKYF18483H589045","0 - VIN decoded clean. Check Digit (9th position) is correct",2003,"HONDA","Pilot","Sport Utility Vehicle (SUV)/Multi Purpose Vehicle (MPV)","todd.rolland@gmail.com","Todd","Rolland","Todd Rolland","03/22/2019 05:07am","03/22/2019 05:05am","4153732386","415","373","2386",,,,,"CT","265 Grahaber Rd","Tolland","06084","United States of America",,,,
"5cd5b0800968acce667982fc","471638739","",1,1557508224697,"5cd5b07f0968acce667982d7","2HKYF18423H582009","0 - VIN decoded clean. Check Digit (9th position) is correct",2003,"HONDA","Pilot","Sport Utility Vehicle (SUV)/Multi Purpose Vehicle (MPV)","monet0914@aol.com","Christy","Wilson","Christy Wilson","10/15/2018 03:52pm","07/16/2019 07:58pm","4153732386","415","373","2386",,,,,"CA","Suite E, 2777 Alvarado Street","San Leandro","94577","United States of America",,,,
"5c9fda7311ef98cd40d87747","867481946","",1,1553980019107,"5c9fda7111ef98cd40d87739","2HKYF18513H506337","0 - VIN decoded clean. Check Digit (9th position) is correct",2003,"HONDA","Pilot","Sport Utility Vehicle (SUV)/Multi Purpose Vehicle (MPV)","yesenia.thornton@gmail.com","Yesenia","Reddy","Yesenia Reddy","03/30/2019 02:03pm","03/30/2019 02:01pm","4044285923","404","428","5923",,,,,"GA","223 sherwood drive #A3","Winder","30680","United States of America",,,,
"5cd606f5bc3d029f3efd2238","821323731","",1,1557530357005,"5cd606f3bc3d029f3efd21bc","2HKYF187X3H569955","0 - VIN decoded clean. Check Digit (9th position) is correct",2003,"HONDA","Pilot","Sport Utility Vehicle (SUV)/Multi Purpose Vehicle (MPV)","sean.basnight@gmail.com","Sean","Basnight","Sean Basnight","03/13/2019 03:56pm","03/13/2019 03:54pm","7187497742","718","749","7742",,,,,"CA","Suite E, 2777 Alvarado Street","San Leandro","94577","United States of America",,,,
"5cd5cb909e7976530a5e1dd6","474296020","",1,1557515152397,"5cd5cb8d9e7976530a5e1d8a","2HKYF18603H547793","0 - VIN decoded clean. Check Digit (9th position) is correct",2003,"HONDA","Pilot","Sport Utility Vehicle (SUV)/Multi Purpose Vehicle (MPV)","dover1040@gmail.com","Elizabeth","Dover","Elizabeth Dover","10/16/2018 04:54pm","07/16/2019 07:58pm","3362790766","336","279","0766","3363273884","336","327","3884","CA","Suite E, 2777 Alvarado Street","San Leandro","94577","United States of America",,,,