"_id","userId","url","confirmed","created","vehicleId","VIN","notes","year","make","model","class","email","fname","lname","name","agreement_date","user_created","phone_0","phone_0_area","phone_0_prefix","phone_0_suffix","address_state","address_street","address_city","address_zip","address_country","phone_1","phone_1_area","phone_1_prefix","phone_1_suffix","phone_2","phone_2_area","phone_2_prefix","phone_2_suffix","vinImage_0_id","vinImage_0_url","vinImage_0_status"
"5c62f6b6df5312224c5e2c0b","407039131","",0,1549989555121,"5c62f6a7df5312224c5e2ad8","2HKYF18634H518814","1 - Check Digit (9th position) does not calculate properly",2004,"HONDA","Pilot","Sport Utility Vehicle (SUV)/Multi Purpose Vehicle (MPV)","jamizer33m@gmail.com","Jamie","Mizer","Jamie Mizer","09/12/2018 00:24am","07/16/2019 07:58pm","4195442271","419","544","2271","CA","Suite E, 2777 Alvarado Street","San Leandro","94577","United States of America",,,,,,,,,,,
"5c940b2649b1fb7942399aab","842407806","",1,1553206054842,"5c940b2549b1fb7942399a67","2HKYF18644H590857","0 - VIN decoded clean. Check Digit (9th position) is correct",2004,"HONDA","Pilot","Sport Utility Vehicle (SUV)/Multi Purpose Vehicle (MPV)","chinatownie@yahoo.com","Christopher","Smith","Christopher Smith","03/21/2019 02:53pm","03/21/2019 02:53pm","9702380622","970","238","0622","CO","38250 Highway 160","Mancos","81328","United States of America",,,,,,,,,,,
"5cab68d719e76d3da61b58f0","891960714","",1,1554737367733,"5cab68d519e76d3da61b58a7","2HKYF18594H619201","1 - Check Digit (9th position) does not calculate properly",2004,"HONDA","Pilot","Sport Utility Vehicle (SUV)/Multi Purpose Vehicle (MPV)","mandykelman@gmail.com","Mandy","Kelman","Mandy Kelman","04/08/2019 07:09am","04/08/2019 07:08am","4153732386","415","373","2386","CT","25 Bay Edge Ct","Fairfield","6824","United States of America",,,,,,,,,,,
"5c9abc90b3298312590075b0","840898050","",1,1553644688370,"5c9abc8eb32983125900759f","2HKYF185X4H526961","0 - VIN decoded clean. Check Digit (9th position) is correct",2004,"HONDA","Pilot","Sport Utility Vehicle (SUV)/Multi Purpose Vehicle (MPV)","steven@affordaweb.com","Steven","Paul","Steven Paul","03/21/2019 05:55am","03/21/2019 05:54am","4407524617","440","752","4617","CA","Suite E, 2777 Alvarado Street","San Leandro","94577","United States of America","4405385016","440","538","5016","4404442911","440","444","2911","5c9abc2e3846ed3553aaf8bd","https://storage.googleapis.com/media.helloumi.com/customers/8572371/IX4JNXTWJHGQXZVJCZWTVEKC3Z5RFPWL.jpg",-1
"5cb8ef6338d6348e230e36a1","921635912","",1,1555623779733,"5cb8ef6338d6348e230e3691","5FNYF18434B011922","0 - VIN decoded clean. Check Digit (9th position) is correct",2004,"HONDA","Pilot","Sport Utility Vehicle (SUV)/Multi Purpose Vehicle (MPV)","jholdway@gmail.com","Jeremiah","Holdway","Jeremiah Holdway","04/18/2019 02:29pm","04/18/2019 02:29pm","7753032269","775","303","2269","NV","7215 Grand Island Dr","Sparks","89436","United States of America","6193163017","619","316","3017",,,,,,,
"5cd6eb6c71063d888be5bd82","792101523","",1,1557588844945,"5cd6eb6b71063d888be5bd5c","2HKYF18614H582702","0 - VIN decoded clean. Check Digit (9th position) is correct",2004,"HONDA","Pilot","Sport Utility Vehicle (SUV)/Multi Purpose Vehicle (MPV)","turnershirley10@yahoo.com","Shirley","Turner","Shirley Turner","02/28/2019 10:20pm","02/28/2019 10:17pm","4153732386","415","373","2386","CA","Suite E, 2777 Alvarado Street","San Leandro","94577","United States of America",,,,,,,,,,,
"5cbb5db3f6cd075497820926","926300626","",1,1555783091842,"5cbb5db2f6cd075497820909","2HKYF18604H560979","0 - VIN decoded clean. Check Digit (9th position) is correct",2004,"HONDA","Pilot","Sport Utility Vehicle (SUV)/Multi Purpose Vehicle (MPV)","achazen@gmail.com","Arnold","Chazen","Arnold Chazen","04/20/2019 10:53am","04/20/2019 10:51am","8585383888","858","538","3888","CA","13337 Russet Leaf Lane","San diego","92129","United States of America","8587744988","858","774","4988","8583442311","858","344","2311",,,