"_id","userId","url","confirmed","created","vehicleId","VIN","notes","year","make","model","class","email","fname","lname","name","agreement_date","user_created","phone_0","phone_0_area","phone_0_prefix","phone_0_suffix","phone_1","phone_1_area","phone_1_prefix","phone_1_suffix","address_state","address_street","address_city","address_zip","address_country","phone_2","phone_2_area","phone_2_prefix","phone_2_suffix","vinImage_0_id","vinImage_0_url","vinImage_0_status"
"5c6597fc3df6159ec4500039","758721143","",1,1550161916049,"5c6597fb3df6159ec44fff22","5FNYF28628B017563","0 - VIN decoded clean. Check Digit (9th position) is correct",2008,"HONDA","Pilot","Sport Utility Vehicle (SUV)/Multi Purpose Vehicle (MPV)","dkramer3@gmail.com","Daniel","Kramer","Daniel Kramer","02/14/2019 08:24am","02/14/2019 08:23am","2814798494","281","479","8494","7135160117","713","516","0117","CA","Suite E, 2777 Alvarado Street","San Leandro","94577","United States of America",,,,,,,
"5c66c91c6bb077b168b27a7a","760885707","",1,1550240028651,"5c66c91b6bb077b168b27a14","5FNYF18228B018879","0 - VIN decoded clean. Check Digit (9th position) is correct",2008,"HONDA","Pilot","Sport Utility Vehicle (SUV)/Multi Purpose Vehicle (MPV)","maria@mcmtech.com","Maria","Riccio","Maria Riccio","02/15/2019 06:03am","02/15/2019 06:03am","4015271291","401","527","1291","4012327287","401","232","7287","RI","117 George Waterman Road","Cranston","2919","United States of America","4015336617","401","533","6617",,,
"5cafd8b735fed52dd52c9563","902986102","",1,1555028151529,"5cafd8b635fed52dd52c9552","5FNYF18508B024495","0 - VIN decoded clean. Check Digit (9th position) is correct",2008,"HONDA","Pilot","Sport Utility Vehicle (SUV)/Multi Purpose Vehicle (MPV)","jake.elkins32@gmail.com","Jacob","Elkins","Jacob Elkins","04/11/2019 05:06pm","04/11/2019 05:02pm","2768701253","276","870","1253","2768702145","276","870","2145","VA","1626 DC Caney ridge rd","Clintwood","24228","United States of America",,,,,"5cafd80fe7f790646ab68442","https://storage.googleapis.com/media.helloumi.com/customers/9029925/O34O3FQDVUN4EZJPWEWGH1H5LPAVUNDD.jpg",-1
"5ca6556c4cd5c80e726d505e","881786743","",1,1554404716277,"5ca655654cd5c80e726d4fca","5FNYF18548B004377","0 - VIN decoded clean. Check Digit (9th position) is correct",2008,"HONDA","Pilot","Sport Utility Vehicle (SUV)/Multi Purpose Vehicle (MPV)","kerry352@gmail.com","Kerry","MacDonald","Kerry MacDonald","04/04/2019 05:20am","04/04/2019 05:19am","4153732386","415","373","2386",,,,,"MA","43 Bloomfield St","Lynn","01902","United States of America",,,,,,,
"5cbe680e1602a08bc113dddf","932563208","",1,1555982350267,"5cbe680d1602a08bc113ddbb","5FNYF285X8B022646","0 - VIN decoded clean. Check Digit (9th position) is correct",2008,"HONDA","Pilot","Sport Utility Vehicle (SUV)/Multi Purpose Vehicle (MPV)","kmorales63@att.net","Kelly","Morales","Kelly Morales","04/22/2019 06:00pm","04/22/2019 06:00pm","4153732386","415","373","2386",,,,,"IN","231 N Fremont St","Lowell","46356","United States of America",,,,,"5cbe67ad9f4631a7ad30642b","https://storage.googleapis.com/media.helloumi.com/customers/9325979/50GHSCBQ74YVMA8RNATLZ3PQL3G0AGF0.jpg",-1
"5cd6282e71063d888bc3d900","918226822","",1,1557538862837,"5cd6281a71063d888bc3d6b5","5FNYF28248B026665","0 - VIN decoded clean. Check Digit (9th position) is correct",2008,"HONDA","Pilot","Sport Utility Vehicle (SUV)/Multi Purpose Vehicle (MPV)","jprotko@gmail.com","Jose","Protko","Jose Protko","04/17/2019 11:38am","04/17/2019 11:35am","7868593631","786","859","3631","9542177623","954","217","7623","FL","1796 Aspen Ln","Fort lauderdale","33327","United States of America",,,,,,,
"5cd4c3ce5afbd5ee7a29ee24","489380327","",-1,1557447630435,"5cd4c3cd5afbd5ee7a29ee0e","5FNYF28538B012539","0 - VIN decoded clean. Check Digit (9th position) is correct",2008,"HONDA","Pilot","Sport Utility Vehicle (SUV)/Multi Purpose Vehicle (MPV)","loredo93223@yahoo.com","Melissa","Loredo","Melissa Loredo","10/23/2018 10:46am","07/16/2019 07:58pm","5596516966","559","651","6966","5593084913","559","308","4913","CA","Suite E, 2777 Alvarado Street","San Leandro","94577","United States of America",,,,,,,
"5cd6f370057489a8190a86d7","629548842","",1,1557590896799,"5cd6f36f057489a8190a86bc","5FNYF18788B008322","0 - VIN decoded clean. Check Digit (9th position) is correct",2008,"HONDA","Pilot","Sport Utility Vehicle (SUV)/Multi Purpose Vehicle (MPV)","gaprovo@yahoo.com","Gail","Dudlicek","Gail Dudlicek","12/18/2018 07:45pm","07/16/2019 07:58pm","4153732386","415","373","2386",,,,,"CA","Suite E, 2777 Alvarado Street","San Leandro","94577","United States of America",,,,,,,
"5cd6bd4871063d888bde549b","927844445","",1,1557577032621,"5cd6bd4771063d888bde547f","5FNYF18288B048887","0 - VIN decoded clean. Check Digit (9th position) is correct",2008,"HONDA","Pilot","Sport Utility Vehicle (SUV)/Multi Purpose Vehicle (MPV)","deniseafoster@comcast.net","Denise","Foster","Denise Foster","04/21/2019 05:37am","04/21/2019 05:29am","4153732386","415","373","2386",,,,,"PA","360 Pughtown Road ","Spring city","19475","United States of America",,,,,,,