"_id","userId","url","confirmed","created","vehicleId","VIN","notes","year","make","model","class","email","fname","lname","name","agreement_date","user_created","phone_0","phone_0_area","phone_0_prefix","phone_0_suffix","phone_1","phone_1_area","phone_1_prefix","phone_1_suffix","phone_2","phone_2_area","phone_2_prefix","phone_2_suffix","address_state","address_street","address_city","address_zip","address_country"
"5c66d3fab1f7a85ba4f240db","563016227","",1,1550242810938,"5c66d3fab1f7a85ba4f240a7","5FNYF4H98EB033252","0 - VIN decoded clean. Check Digit (9th position) is correct",2014,"HONDA","Pilot","Sport Utility Vehicle (SUV)/Multi Purpose Vehicle (MPV)","kateobrien17@gmail.com","Katie","O'Brien","Katie O'Brien","11/21/2018 11:07am","07/16/2019 07:58pm","6099220465","609","922","0465","6095879565","609","587","9565","6098880702","609","888","0702","CA","Suite E, 2777 Alvarado Street","San Leandro","94577","United States of America"
"5c72a3d79a113402fcc3ca61","780727312","",1,1551016919305,"5c72a3d69a113402fcc3ca42","5FNYF3H42EB027638","0 - VIN decoded clean. Check Digit (9th position) is correct",2014,"HONDA","Pilot","Sport Utility Vehicle (SUV)/Multi Purpose Vehicle (MPV)","brazanpar@yahoo.com","sonya","Bennett","sonya Bennett","02/24/2019 05:51am","02/24/2019 05:49am","4153732386","415","373","2386",,,,,,,,,"CA","5324 Eagle island drive Land o lakes, FL 34639","San Leandro","94577","United States of America"
"5c950a36f473685add2ed4d0","844368243","",1,1553271350830,"5c950a35f473685add2ed454","5FNYF3H44EB027205","0 - VIN decoded clean. Check Digit (9th position) is correct",2014,"HONDA","Pilot","Sport Utility Vehicle (SUV)/Multi Purpose Vehicle (MPV)","brandonbrady93@icloud.com","Brandon","Brady","Brandon Brady","03/22/2019 09:12am","03/22/2019 09:11am","4804278581","480","427","8581","6023273216","602","327","3216","6024327484","602","432","7484","AZ","6913 W Tether Trail","Peoria","85383","United States of America"
"5c9370b9b410ce52ab5f700b","750890919","",1,1553166521001,"5c9370b7b410ce52ab5f6f7a","5FNYF4H41EB018953","0 - VIN decoded clean. Check Digit (9th position) is correct",2014,"HONDA","Pilot","Sport Utility Vehicle (SUV)/Multi Purpose Vehicle (MPV)","afahl4@yahoo.com","Adam","Fahl","Adam Fahl","03/21/2019 04:06am","02/11/2019 05:59pm","9377541579","937","754","1579","9376090263","937","609","0263",,,,,"OH","300 Marchmont drive","Fairborn","45324","United States of America"
"5cb9ad6c38d6348e2331f99a","922808230","",1,1555672428954,"5cb9ad6c38d6348e2331f96f","5FNYF4H93EB016858","0 - VIN decoded clean. Check Digit (9th position) is correct",2014,"HONDA","Pilot","Sport Utility Vehicle (SUV)/Multi Purpose Vehicle (MPV)","carmel.paris@gmail.com","Carmel Paris","Paris","Carmel Paris Paris","04/19/2019 04:04am","04/19/2019 04:02am","4153732386","415","373","2386",,,,,,,,,"VA","34361 Parker Rd","Locust grove","22508","United States of America"
"5cba21d6f6cd0754975f24c5","924076842","",1,1555702230048,"5cba21d5f6cd0754975f24a6","5FNYF4H98EB016600","0 - VIN decoded clean. Check Digit (9th position) is correct",2014,"HONDA","Pilot","Sport Utility Vehicle (SUV)/Multi Purpose Vehicle (MPV)","jbblak@hotmail.com","Joseph","Blakeman","Joseph Blakeman","04/19/2019 12:27pm","04/19/2019 12:26pm","2176793813","217","679","3813","2179931291","217","993","1291","7038585321","703","858","5321","IL","1200 Old Crows Way","Springfield","62712","United States of America"