"_id","userId","url","confirmed","created","vehicleId","VIN","notes","year","make","model","class","email","fname","lname","name","agreement_date","user_created","phone_0","phone_0_area","phone_0_prefix","phone_0_suffix","address_state","address_street","address_city","address_zip","address_country","vinImage_0_id","vinImage_0_url","vinImage_0_status","phone_1","phone_1_area","phone_1_prefix","phone_1_suffix","phone_2","phone_2_area","phone_2_prefix","phone_2_suffix"
"5c7026c2d4b2be3538ce0dcd","776994850","https://storage.googleapis.com/media.helloumi.com/customers/7769948/0.jpg",1,1550853826938,"5c7026c2d4b2be3538ce0dcc","2HKRL18662H517953","0 - VIN decoded clean. Check Digit (9th position) is correct",2002,"HONDA","Odyssey","Sport Utility Vehicle (SUV)/Multi Purpose Vehicle (MPV)","jimmiejames.jg@gmail.com","Jimmie","Galloup","Jimmie Galloup","02/22/2019 08:39am","02/22/2019 08:36am","9189360214","918","936","0214","CA","Suite E, 2777 Alvarado Street","San Leandro","94577","United States of America","5c7026aed4b2be3538ce0c44","https://storage.googleapis.com/media.helloumi.com/customers/7769948/0.jpg",1,,,,,,,,
"5c63afc054dd5f0531f1a3a9","754769902","",1,1550036928774,"5c63afbe54dd5f0531f1a355","2HKRL18572H566263","0 - VIN decoded clean. Check Digit (9th position) is correct",2002,"HONDA","Odyssey","Sport Utility Vehicle (SUV)/Multi Purpose Vehicle (MPV)","mendez7061@yahoo.com","victor","mendez","victor mendez","02/12/2019 09:38pm","02/12/2019 09:37pm","2093880121","209","388","0121","CA","Suite E, 2777 Alvarado Street","San Leandro","94577","United States of America",,,,,,,,,,,
"5c9353bad0e2c200d0268de7","840354634","",1,1553159098688,"5c9353b9d0e2c200d0268d79","2HKRL18092H556497","0 - VIN decoded clean. Check Digit (9th position) is correct",2002,"HONDA","Odyssey","Sport Utility Vehicle (SUV)/Multi Purpose Vehicle (MPV)","robert@robertpatterson.us","Robert","Patterson","Robert Patterson","03/21/2019 02:01am","03/21/2019 02:00am","5026647175","502","664","7175","KY","2828 Richland Ave","Louisville","40220","United States of America",,,,"5028104430","502","810","4430","5028104431","502","810","4431"
"5c72babbd4b2be35380397ac","780868649","",1,1551022779849,"5c72babbd4b2be353803978a","2HKRL18662H520299","0 - VIN decoded clean. Check Digit (9th position) is correct",2002,"HONDA","Odyssey","Sport Utility Vehicle (SUV)/Multi Purpose Vehicle (MPV)","stevedeac1985@gmail.com","Steve","Rowe","Steve Rowe","02/24/2019 07:17am","02/24/2019 07:16am","2524437586","252","443","7586","CA","Suite E, 2777 Alvarado Street","San Leandro","94577","United States of America",,,,"2524584950","252","458","4950",,,,
"5c93f8c8249a46be4511df7e","842232124","",1,1553201352451,"5c93f8c7249a46be4511df36","2HKRL18982H539463","0 - VIN decoded clean. Check Digit (9th position) is correct",2002,"HONDA","Odyssey","Sport Utility Vehicle (SUV)/Multi Purpose Vehicle (MPV)","nokudzu@gmail.com","Robert","Good","Robert Good","03/21/2019 01:43pm","03/21/2019 01:42pm","4153732386","415","373","2386","NC","129 Greenway Lndg","Chapel hill","27516","United States of America",,,,,,,,,,,
"5cb6601e39071f54c5db8031","915681833","",1,1555456030560,"5cb6601d39071f54c5db801c","2HKRL18052H558361","0 - VIN decoded clean. Check Digit (9th position) is correct",2002,"HONDA","Odyssey","Sport Utility Vehicle (SUV)/Multi Purpose Vehicle (MPV)","ulockmx@yahoo.com","Michael","Lockwood","Michael Lockwood","04/16/2019 03:58pm","04/16/2019 03:56pm","4153732386","415","373","2386","OH","2325 Cross Village Dr","Miamisburg","45342","United States of America",,,,,,,,,,,
"5c9d7d4e41e50ec40e77d854","863156910","",1,1553825102427,"5c9d7d4d41e50ec40e77d83c","5FNRL18672B017931","0 - VIN decoded clean. Check Digit (9th position) is correct",2002,"HONDA","Odyssey","Sport Utility Vehicle (SUV)/Multi Purpose Vehicle (MPV)","chantillyshay@aol.com","Sharon","King","Sharon King","03/28/2019 07:02pm","03/28/2019 06:58pm","4153732386","415","373","2386","CA","2500 Diamond Ct","Bakersfield","93304","United States of America",,,,,,,,,,,
"5cee8500ccdaf3e4e51bd647","1043548457","",1,1559135488400,"5cee84ffccdaf3e4e51bd597","2HKRL18982H579364","0 - VIN decoded clean. Check Digit (9th position) is correct",2002,"HONDA","Odyssey","Sport Utility Vehicle (SUV)/Multi Purpose Vehicle (MPV)","cyberinch@hotmail.com","Scott","Inch","Scott Inch","05/29/2019 06:07am","05/29/2019 06:04am","4153732386","415","373","2386","CA","Suite E, 2777 Alvarado Street","San Leandro","94577","United States of America",,,,,,,,,,,
"5cba3e138bfd13bd0b3a488f","924332542","",1,1555709459649,"5cba3e128bfd13bd0b3a487a","2HKRL18652H545386","0 - VIN decoded clean. Check Digit (9th position) is correct",2002,"HONDA","Odyssey","Sport Utility Vehicle (SUV)/Multi Purpose Vehicle (MPV)","michaeljwraight@gmail.com","Michael","Wraight","Michael Wraight","04/19/2019 02:22pm","04/19/2019 02:21pm","4153732386","415","373","2386","CA","Suite E, 2777 Alvarado Street","San Leandro","94577","United States of America","5cba3de48bfd13bd0b3a44ab","https://storage.googleapis.com/media.helloumi.com/customers/9243417/Y7CRSE2H8GTKY03S6K4AO789MPLLN25A.mp4",-1,,,,,,,,