"_id","userId","url","confirmed","created","vehicleId","VIN","notes","year","make","model","class","email","fname","lname","name","agreement_date","user_created","phone_0","phone_0_area","phone_0_prefix","phone_0_suffix","phone_1","phone_1_area","phone_1_prefix","phone_1_suffix","phone_2","phone_2_area","phone_2_prefix","phone_2_suffix","address_state","address_street","address_city","address_zip","address_country","vinImage_0_id","vinImage_0_url","vinImage_0_status"
"5c81348086fe6de7bf0d8b3f","805213902","",1,1551971456937,"5c81348086fe6de7bf0d8b3e","5FNYF3H88AB020951","0 - VIN decoded clean. Check Digit (9th position) is correct",2010,"HONDA","Pilot","Sport Utility Vehicle (SUV)/Multi Purpose Vehicle (MPV)","lilchik2086@gmail.com","Crystal","Sloan","Crystal Sloan","03/07/2019 06:35am","03/07/2019 06:35am","5613767167","561","376","7167","5616064789","561","606","4789","8645970098","864","597","0098","CA","Suite E, 2777 Alvarado Street","San Leandro","94577","United States of America","5c81346786fe6de7bf0d8768","https://storage.googleapis.com/media.helloumi.com/customers/8052139/0.jpg",1
"5c79b8bb2cdefb2ae112ffd8","793569259","",1,1551481019971,"5c79b8bb2cdefb2ae112ffd1","5FNYF4H58AB012232","0 - VIN decoded clean. Check Digit (9th position) is correct",2010,"HONDA","Pilot","Sport Utility Vehicle (SUV)/Multi Purpose Vehicle (MPV)","jgsurvey123@gmail.com","James","Gerovac","James Gerovac","03/01/2019 02:51pm","03/01/2019 02:48pm","5165892573","516","589","2573",,,,,,,,,"CA","Suite E, 2777 Alvarado Street","San Leandro","94577","United States of America",,,
"5cbdcf571602a08bc1ff8ff8","930697125","",1,1555943255401,"5cbdcf561602a08bc1ff8fd9","5FNYF3H80AB003657","0 - VIN decoded clean. Check Digit (9th position) is correct",2010,"HONDA","Pilot","Sport Utility Vehicle (SUV)/Multi Purpose Vehicle (MPV)","laraleigh513@gmail.com","Lara","Winton","Lara Winton","04/22/2019 07:12am","04/22/2019 07:09am","2057181845","205","718","1845","2054822101","205","482","2101",,,,,"AL","5807 Willow Crest Drive ","Dixiana","35126","United States of America",,,
"5c9909c279f87ab54078d6be","853247343","",1,1553533378380,"5c9909c179f87ab54078d6ab","5FNYF3H24AB017718","0 - VIN decoded clean. Check Digit (9th position) is correct",2010,"HONDA","Pilot","Sport Utility Vehicle (SUV)/Multi Purpose Vehicle (MPV)","rheannaval@gmail.com","rheanna","frey","rheanna frey","03/25/2019 09:20am","03/25/2019 09:11am","9514925146","951","492","5146","9514905584","951","490","5584",,,,,"CA","41940 Whittier Ave","Hemet","92544","United States of America",,,
"5cd63e8d8cb02f841146d02d","603175623","",1,1557544589031,"5cd63e8c8cb02f841146d003","5FNYF3H65AB020114","0 - VIN decoded clean. Check Digit (9th position) is correct",2010,"HONDA","Pilot","Sport Utility Vehicle (SUV)/Multi Purpose Vehicle (MPV)","ashjohnson71@gmail.com","Herman","Johnson","Herman Johnson","12/07/2018 01:20pm","07/16/2019 07:58pm","8038730708","803","873","0708",,,,,,,,,"CA","Suite E, 2777 Alvarado Street","San Leandro","94577","United States of America",,,