"_id","userId","url","confirmed","created","vehicleId","VIN","notes","year","make","model","class","email","fname","lname","name","agreement_date","user_created","phone_0","phone_0_area","phone_0_prefix","phone_0_suffix","address_state","address_street","address_city","address_zip","address_country","phone_1","phone_1_area","phone_1_prefix","phone_1_suffix","vinImage_0_id","vinImage_0_url","vinImage_0_status"
"5c70234cd4b2be3538cda21d","776955659","",1,1550852940461,"5c70234bd4b2be3538cda20c","2HKYF18575H504899","0 - VIN decoded clean. Check Digit (9th position) is correct",2005,"HONDA","Pilot","Sport Utility Vehicle (SUV)/Multi Purpose Vehicle (MPV)","yayagirlfriend2@gmail.com","Amy","Cameron","Amy Cameron","02/22/2019 08:24am","02/22/2019 08:21am","4153732386","415","373","2386","CA","Suite E, 2777 Alvarado Street","San Leandro","94577","United States of America",,,,,,,
"5c757d1f926c1ab23072f630","785994219","",1,1551203615655,"5c757d1e926c1ab23072f33d","2HKYF18555H532913","0 - VIN decoded clean. Check Digit (9th position) is correct",2005,"HONDA","Pilot","Sport Utility Vehicle (SUV)/Multi Purpose Vehicle (MPV)","heather.eanes20640@gmail.com","Heather","Eanes","Heather Eanes","02/26/2019 09:38am","02/26/2019 09:38am","2402165052","240","216","5052","CA","Suite E, 2777 Alvarado Street","San Leandro","94577","United States of America",,,,,,,
"5cc4a3e6e432ee5c12e4deb2","945167849","",1,1556390886534,"5cc4a3e5e432ee5c12e4de37","5FNYF18555B054085","0 - VIN decoded clean. Check Digit (9th position) is correct",2005,"HONDA","Pilot","Sport Utility Vehicle (SUV)/Multi Purpose Vehicle (MPV)","terryb@usa.net","Terry","Belville","Terry Belville","04/27/2019 11:34am","04/27/2019 11:32am","6024343805","602","434","3805","AZ","1849 E Sheena Dr","Phoenix","85022","United States of America","6029929335","602","992","9335",,,
"5c9698983ab792ceaa85fd97","849006519","",1,1553373336170,"5c9698973ab792ceaa85fd8b","2HKYF184X5H521476","0 - VIN decoded clean. Check Digit (9th position) is correct",2005,"HONDA","Pilot","Sport Utility Vehicle (SUV)/Multi Purpose Vehicle (MPV)","kennedylgill@yahoo.com","Kennedy","Gill","Kennedy Gill","03/23/2019 01:33pm","03/23/2019 01:31pm","8046513460","804","651","3460","VA","2300 Cox road","Ridge","23233","United States of America","8043662490","804","366","2490",,,
"5cc85529cbf99e8ecb9bc3e5","952180115","",1,1556632873408,"5cc85528cbf99e8ecb9bc3c6","2HKYF18445H535728","0 - VIN decoded clean. Check Digit (9th position) is correct",2005,"HONDA","Pilot","Sport Utility Vehicle (SUV)/Multi Purpose Vehicle (MPV)","amberbergman@hotmail.com","Amber","Bergman","Amber Bergman","04/30/2019 06:34am","04/30/2019 06:30am","4058165453","405","816","5453","OK","2417 NW 52nd St","Oklahoma city","73112","United States of America",,,,,,,
"5cd58727da4fc003fdc62533","880121710","",1,1557497639080,"5cd58725da4fc003fdc624c6","2HKYF18785H551151","0 - VIN decoded clean. Check Digit (9th position) is correct",2005,"HONDA","Pilot","Sport Utility Vehicle (SUV)/Multi Purpose Vehicle (MPV)","shelleefreel@yahoo.com","Shellee","Freel","Shellee Freel","04/03/2019 01:54pm","04/03/2019 01:47pm","4153732386","415","373","2386","CA","Suite E, 2777 Alvarado Street","San Leandro","94577","United States of America",,,,,,,
"5cd58646da4fc003fdc5ee07","857483219","",1,1557497414303,"5cd58643da4fc003fdc5ed55","5FNYF18625B019917","0 - VIN decoded clean. Check Digit (9th position) is correct",2005,"HONDA","Pilot","Sport Utility Vehicle (SUV)/Multi Purpose Vehicle (MPV)","aarondirect1@gmail.com","Aaron","Patterson","Aaron Patterson","03/26/2019 07:40pm","03/26/2019 07:39pm","3058491353","305","849","1353","NC","186 Misty Mountain Trail ","Tuckasegee","28783","United States of America",,,,,"5cd5858f0968acce6667077e","https://storage.googleapis.com/media.helloumi.com/customers/9814241/XVTYR7G2CUWUM5NX5T5XHOH6MA6V9832.jpeg",-1
"5cd6233c057489a819e54824","921822145","",1,1557537596915,"5cd6233b057489a819e5480d","5FNYF18435B045313","0 - VIN decoded clean. Check Digit (9th position) is correct",2005,"HONDA","Pilot","Sport Utility Vehicle (SUV)/Multi Purpose Vehicle (MPV)","gilleeg@aol.com","Gillian","Godlewski","Gillian Godlewski","04/18/2019 03:55pm","04/18/2019 03:54pm","7174464662","717","446","4662","CA","60 Fersfield Road","Chambersburg ","17202","United States of America",,,,,,,