"_id","userId","url","confirmed","created","vehicleId","VIN","notes","year","make","model","class","email","fname","lname","name","agreement_date","user_created","phone_0","phone_0_area","phone_0_prefix","phone_0_suffix","address_state","address_street","address_city","address_zip","address_country","phone_1","phone_1_area","phone_1_prefix","phone_1_suffix","vinImage_0_id","vinImage_0_url","vinImage_0_status"
"5c6303addf5312224c5f2d29","409480633","",0,1549992876340,"5c6303a6df5312224c5f2ca4","5TDKA3DC8CSO13172","1 - Check Digit (9th position) does not calculate properly; 400 - Invalid Characters Present (I, O, Q)",2012,"TOYOTA","Sienna","Wagon","jenntrip3262@gmail.com","Jennifer","Triplett","Jennifer Triplett","09/13/2018 02:48am","07/16/2019 07:58pm","8327970259","832","797","0259","TX","4303 Canadian River Dr","Sugar land","77478-5401","United States of America",,,,,,,
"5c62fc57df5312224c5e9836","408375426","",1,1549990996529,"5c62fc4fdf5312224c5e978e","5TDKK3DC4CS200602","0 - VIN decoded clean. Check Digit (9th position) is correct",2012,"TOYOTA","Sienna","Wagon","acjohnsey@bham.rr.com","Anita","Robertson","Anita Robertson","09/12/2018 02:43pm","07/16/2019 07:58pm","2054974033","205","497","4033","AL","1510 Lilly Lane","Hueytown","35023","United States of America","2054974033","205","497","4033",,,
"5c7ea4bf457fb7450fb0722a","752567941","",0,1551803583162,"5c7ea4e6f6bbd8f57dec8d17","5TDYK3DC5CS249575","0 - VIN decoded clean. Check Digit (9th position) is correct",2012,"TOYOTA","Sienna","Wagon","cwerner1231@hotmail.com","Christopher","Werner","Christopher Werner","02/12/2019 05:34am","02/12/2019 05:32am","5639403759","563","940","3759","IA","Suite E, 2777 Alvarado Street","San Leandro","94577","United States of America","5639409316","563","940","9316","5c7ea4a9457fb7450fb06fd4","https://storage.googleapis.com/media.helloumi.com/customers/7642336/0.jpeg",1
"5c70315421a75a5ef33d513a","777083641","",1,1550856532597,"5c70315321a75a5ef33d512b","5TDDK3DC4CS031349","0 - VIN decoded clean. Check Digit (9th position) is correct",2012,"TOYOTA","Sienna","Wagon","mallenwo@twcny.rr.com","mary","morrill","mary morrill","02/22/2019 09:15am","02/22/2019 09:13am","3152653360","315","265","3360","CA","Suite E, 2777 Alvarado Street","San Leandro","94577","United States of America","3152440123","315","244","0123",,,
"5c983afb3ea1b75c96a60adc","851713923","",1,1553480443003,"5c983afa3ea1b75c96a60acd","5TDKK3DC5CS198648","0 - VIN decoded clean. Check Digit (9th position) is correct",2012,"TOYOTA","Sienna","Wagon","brianaric@gmail.com","Brian","Barber","Brian Barber","03/24/2019 07:15pm","03/24/2019 07:14pm","6062203040","606","220","3040","CA","Suite E, 2777 Alvarado Street","San Leandro","94577","United States of America","8167455872","816","745","5872",,,
"5c9532e6f6b6da977444e2da","844745412","",1,1553281766393,"5c9532dcf6b6da977444e139","5TDKK3DC0CS269383","0 - VIN decoded clean. Check Digit (9th position) is correct",2012,"TOYOTA","Sienna","Wagon","susanneehopkins@gmail.com","Susanne","Hopkins","Susanne Hopkins","03/22/2019 12:06pm","03/22/2019 12:06pm","4432055660","443","205","5660","TN","284 Dean Dr NW","Georgetown","37336","United States of America","4237163478","423","716","3478",,,
"5cb9fe2038d6348e23669c27","923681230","",1,1555693088869,"5cb9fe2038d6348e23669c12","5TDDK3DC0CS043157","0 - VIN decoded clean. Check Digit (9th position) is correct",2012,"TOYOTA","Sienna","Wagon","robert.mitton@gmail.com","Robert","Mitton","Robert Mitton","04/19/2019 09:53am","04/19/2019 09:45am","3037754135","303","775","4135","PA","3340 Kevin Ln","Mechanicsville","18934","United States of America","9706403227","970","640","3227",,,
"5cd5f10e057489a819da329f","525761167","",1,1557524750569,"5cd5f10d057489a819da3199","5TDJK3DC9CS047355","0 - VIN decoded clean. Check Digit (9th position) is correct",2012,"TOYOTA","Sienna","Wagon","tommy_e65@yahoo.com","Thomas","Ennis","Thomas Ennis","11/07/2018 07:55pm","07/16/2019 07:58pm","7164892265","716","489","2265","NY","4468 Lakeside Drive ","Bemus point","14712","United States of America",,,,,,,
"5cc1a68a747750c36f7d06db","939370457","",1,1556194954028,"5cc1a688747750c36f7d0576","5TDYK3DC4CS205292","0 - VIN decoded clean. Check Digit (9th position) is correct",2012,"TOYOTA","Sienna","Wagon","vlcraig@cox.net","Victor","Craig","Victor Craig","04/25/2019 05:18am","04/25/2019 05:17am","4153732386","415","373","2386","CA","Suite E, 2777 Alvarado Street","San Leandro","94577","United States of America",,,,,,,