"_id","userId","url","confirmed","created","vehicleId","VIN","notes","year","make","model","class","email","fname","lname","name","agreement_date","user_created","phone_0","phone_0_area","phone_0_prefix","phone_0_suffix","address_state","address_street","address_city","address_zip","address_country","phone_1","phone_1_area","phone_1_prefix","phone_1_suffix","phone_2","phone_2_area","phone_2_prefix","phone_2_suffix"
"5c69a475b1f7a85ba42f3841","765246148","",1,1550427253813,"5c69a475b1f7a85ba42f382a","5TBRN34153S357908","0 - VIN decoded clean. Check Digit (9th position) is correct",2003,"TOYOTA","Tundra","Pickup","frankteresa@windstream.net","Teresa","Franklin","Teresa Franklin","02/17/2019 10:08am","02/17/2019 10:07am","4153732386","415","373","2386","CA","Suite E, 2777 Alvarado Street","San Leandro","94577","United States of America",,,,,,,,
"5c923e9e48355a95467f671e","837878541","",1,1553088158524,"5c923e9d48355a95467f66e5","5TBRT34163S433464","0 - VIN decoded clean. Check Digit (9th position) is correct",2003,"TOYOTA","Tundra","Pickup","wmills45@cfl.rr.com","William","Mills","William Mills","03/20/2019 06:17am","03/20/2019 06:13am","3527936324","352","793","6324","FL","1570 County Road 318","Bushnell","33513","United States of America","3525710578","352","571","0578",,,,
"5cba821258f041e901adbcc1","924551403","",1,1555726866715,"5cba821158f041e901adbcb0","5TBJN32113S434502","0 - VIN decoded clean. Check Digit (9th position) is correct",2003,"TOYOTA","Tundra","Pickup","brian_davis308@yahoo.com","Brian","Davis","Brian Davis","04/19/2019 06:14pm","04/19/2019 04:10pm","7062642815","706","264","2815","GA","403 Welsh Dr","Dalton","30720","United States of America",,,,,,,,
"5ca78c0d33e3405199fbfbfe","885458205","",1,1554484237966,"5ca78c0d33e3405199fbfbed","5TBJN32163S353849","0 - VIN decoded clean. Check Digit (9th position) is correct",2003,"TOYOTA","Tundra","Pickup","tanyanik1210@gmail.com","Tatyanna","Nikolaychuk","Tatyanna Nikolaychuk","04/05/2019 10:00am","04/05/2019 09:59am","9164379256","916","437","9256","CA","Suite E, 2777 Alvarado Street","San Leandro","94577","United States of America","5594174301","559","417","4301","5596777882","559","677","7882"
"5cbe045e5b7d698aaee0d92e","931006001","",1,1555956830701,"5cbe045b5b7d698aaee0d8ff","5TBBT44133S412577","0 - VIN decoded clean. Check Digit (9th position) is correct",2003,"TOYOTA","Tundra","Pickup","mrblomert@gmail.com","anthony","blomert","anthony blomert","04/22/2019 08:58am","04/22/2019 08:55am","5103673165","510","367","3165","CA","218 west 6th street","Antioch","94509","United States of America","5104996868","510","499","6868",,,,
"5cd62e75bc3d029f3e039c27","914713138","",1,1557540469299,"5cd62e74bc3d029f3e039c03","5TBBN44173S360297","0 - VIN decoded clean. Check Digit (9th position) is correct",2003,"TOYOTA","Tundra","Pickup","mommymalloy@gmail.com","Brandi","Kendall","Brandi Kendall","04/16/2019 09:42am","04/16/2019 09:40am","7244343888","724","434","3888","CA","Suite E, 2777 Alvarado Street","San Leandro","94577","United States of America","7244343786","724","434","3786",,,,
"5cd5c97c9e7976530a5d652b","457526682","",1,1557514620488,"5cd5c97a9e7976530a5d64c4","5TBRT34163S340881","0 - VIN decoded clean. Check Digit (9th position) is correct",2003,"TOYOTA","Tundra","Pickup","fjarrell21@gmail.com","Flora Dedon","Jarrell","Flora Dedon Jarrell","10/08/2018 06:49am","07/16/2019 07:58pm","4153732386","415","373","2386","CA","Suite E, 2777 Alvarado Street","San Leandro","94577","United States of America",,,,,,,,
"5cd8a774bc3d029f3e64877a","531220589","",1,1557702516020,"5cd8a770bc3d029f3e648711","5TBRT381435336306","1 - Check Digit (9th position) does not calculate properly; 2 - VIN corrected, error in one position ",2003,"TOYOTA","Tundra","Pickup","perezjeff26@yahoo.com","JEFFERY","PEREZ","JEFFERY PEREZ","11/10/2018 04:30am","07/16/2019 07:58pm","4153732386","415","373","2386","FL","5124 Seagull Dr.","Pace","32571","United States of America",,,,,,,,
"5cd876ac71063d888b204f4c","721464138","",1,1557690028378,"5cd876a871063d888b204eea","5TBRT38133S334272","0 - VIN decoded clean. Check Digit (9th position) is correct",2003,"TOYOTA","Tundra","Pickup","dlburchdc@yahoo.com","Dwayne","Burch","Dwayne Burch","01/30/2019 08:32am","01/30/2019 08:29am","4153732386","415","373","2386","CA","Suite E, 2777 Alvarado Street","San Leandro","94577","United States of America",,,,,,,,