"_id","userId","url","confirmed","created","vehicleId","VIN","notes","year","make","model","class","email","fname","lname","name","agreement_date","user_created","phone_0","phone_0_area","phone_0_prefix","phone_0_suffix","phone_1","phone_1_area","phone_1_prefix","phone_1_suffix","address_state","address_street","address_city","address_zip","address_country","vinImage_0_id","vinImage_0_url","vinImage_0_status"
"5c94f14acfdcdebf52f3cf35","844078706","",1,1553264970134,"5c94f148cfdcdebf52f3c997","3N1CB51D62L691520","0 - VIN decoded clean. Check Digit (9th position) is correct",2002,"NISSAN","Sentra","Sedan/Saloon","emd045@gmail.com","Tori","Adams","Tori Adams","03/22/2019 07:16am","03/22/2019 07:15am","2565412633","256","541","2633","2565034113","256","503","4113","AL","201 Water Hill Rd Apt K3","Triana","35758","United States of America","5c94f0a4f473685add2687e5","https://storage.googleapis.com/media.helloumi.com/customers/8440787/PPICY5VCLU4UHUDVJW4C5FX5WXHWQVAU.jpeg",-1
"5c670eab590253e00c13fe3c","761473409","",1,1550257835953,"5c670eab590253e00c13fe22","3N1CB51D42L615195","0 - VIN decoded clean. Check Digit (9th position) is correct",2002,"NISSAN","Sentra","Sedan/Saloon","vctent1969@aol.com","Verinia","Taylor","Verinia Taylor","02/15/2019 10:43am","02/15/2019 10:36am","4153732386","415","373","2386",,,,,"CA","Suite E, 2777 Alvarado Street","San Leandro","94577","United States of America",,,
"5cb6127e988eb4441a960cbc","914836700","",1,1555436158542,"5cb6127d988eb4441a960ca9","3N1CB51A12L551963","0 - VIN decoded clean. Check Digit (9th position) is correct",2002,"NISSAN","Sentra","Sedan/Saloon","graysouloh1@gmail.com","Donna","Gray","Donna Gray","04/16/2019 10:27am","04/16/2019 10:26am","4153732386","415","373","2386",,,,,"NC","718 Hodges St.","Eden","27288","United States of America",,,
"5c9cd38b41e50ec40e3c5abe","861435801","",1,1553781643698,"5c9cd38a41e50ec40e3c5a9a","3N1CB51D22L622047","0 - VIN decoded clean. Check Digit (9th position) is correct",2002,"NISSAN","Sentra","Sedan/Saloon","gage.combs97@gmail.com","Gage","Combs","Gage Combs","03/28/2019 06:52am","03/28/2019 06:51am","4153732386","415","373","2386",,,,,"CA","Suite E, 2777 Alvarado Street","San Leandro","94577","United States of America",,,
"5cc7372b7831f0a16b26ce0d","949845448","",1,1556559659457,"5cc7372a7831f0a16b26cdb1","3N1CB51D42L653400","0 - VIN decoded clean. Check Digit (9th position) is correct",2002,"NISSAN","Sentra","Sedan/Saloon","faryreynozo@sbcglobal.net","Maria Elena","Reynozo","Maria Elena Reynozo","04/29/2019 10:32am","04/29/2019 10:30am","4153732386","415","373","2386",,,,,"TX","2714 Federal Ave.","El paso","79930","United States of America",,,
"5cd652888cb02f84114a72ed","928389702","",1,1557549704759,"5cd652878cb02f84114a72c5","3N1CB51D12L686130","0 - VIN decoded clean. Check Digit (9th position) is correct",2002,"NISSAN","Sentra","Sedan/Saloon","callahan40151@gmail.com","Sean","Callahan","Sean Callahan","04/21/2019 09:49am","04/21/2019 09:49am","4153732386","415","373","2386",,,,,"CA","Suite E, 2777 Alvarado Street","San Leandro","94577","United States of America",,,
"5cd2475600c21b735418ddf6","530755749","",1,1557284694474,"5cd2475500c21b735418ddc7","3N1CB51D32L602681","0 - VIN decoded clean. Check Digit (9th position) is correct",2002,"NISSAN","Sentra","Sedan/Saloon","cruiser661us@yahoo.com","Michele","Carranza","Michele Carranza","05/07/2019 07:59pm","07/16/2019 07:58pm","4153732386","415","373","2386",,,,,"CA","Suite E, 2777 Alvarado Street","San Leandro","94577","United States of America",,,