"_id","userId","url","confirmed","created","vehicleId","VIN","notes","year","make","model","class","email","fname","lname","name","agreement_date","user_created","phone_0","phone_0_area","phone_0_prefix","phone_0_suffix","phone_1","phone_1_area","phone_1_prefix","phone_1_suffix","address_state","address_street","address_city","address_zip","address_country","phone_2","phone_2_area","phone_2_prefix","phone_2_suffix"
"5c63739db1bc3375305210c7","374003369","",0,1550021533107,"5c63739bb1bc3375305210a5","3N1BC13E17L352324","0 - VIN decoded clean. Check Digit (9th position) is correct",2007,"NISSAN","VERSA","Hatchback/Liftback/Notchback","lko527p@yahoo.com","Leesa","O'Banion","Leesa O'Banion","08/22/2018 02:15am","07/16/2019 07:58pm","5023304102","502","330","4102","5028751077","502","875","1077","KY","41 Preston way","Hatton","40601","United States of America",,,,
"5c75ee7409f02fd5dcc3d85a","787116755","",1,1551232628284,"5c75ee7309f02fd5dcc3d806","3N1BC13E17L409637","0 - VIN decoded clean. Check Digit (9th position) is correct",2007,"NISSAN","VERSA","Hatchback/Liftback/Notchback","stevebroggie@gmail.com","Stephen","Broggie","Stephen Broggie","02/26/2019 05:54pm","02/26/2019 05:51pm","8054153456","805","415","3456","8054827308","805","482","7308","CA","Suite E, 2777 Alvarado Street","San Leandro","94577","United States of America",,,,
"5ca2330911ef98cd4057403e","872024723","",1,1554133769077,"5ca2330811ef98cd40573f85","3N1BC13EX7L441714","0 - VIN decoded clean. Check Digit (9th position) is correct",2007,"NISSAN","VERSA","Hatchback/Liftback/Notchback","suzysmartin@gmail.com","Suzanne","Martin","Suzanne Martin","04/01/2019 08:44am","04/01/2019 08:43am","4153732386","415","373","2386",,,,,"DE","2110 Savannah West Sq","Lewes","19958","United States of America",,,,
"5c969278f473685add650741","848959823","",1,1553371768444,"5c969277f473685add650716","3N1BC13E97L395258","0 - VIN decoded clean. Check Digit (9th position) is correct",2007,"NISSAN","VERSA","Hatchback/Liftback/Notchback","jordyn.benter@gmail.com","Jordyn","Benter","Jordyn Benter","03/23/2019 01:06pm","03/23/2019 01:05pm","5135187422","513","518","7422","3307495549","330","749","5549","CA","Suite E, 2777 Alvarado Street","San Leandro","94577","United States of America",,,,
"5cbbb41138d6348e2396bc57","918683237","",1,1555805201553,"5cbbb41038d6348e2396bc48","3N1BC13E57L371250","0 - VIN decoded clean. Check Digit (9th position) is correct",2007,"NISSAN","VERSA","Hatchback/Liftback/Notchback","sara.aderholdt@gmail.com","Sara","Aderholdt","Sara Aderholdt","04/17/2019 02:27pm","04/17/2019 02:25pm","3862837007","386","283","7007","3863341397","386","334","1397","FL","104 Wheatfield Cir","Sanford","32771","United States of America","3868640346","386","864","0346"
"5cbb1d3b58f041e901bea87b","925683356","",1,1555766587468,"5cbb1d3a58f041e901bea864","3N1BC13E17L358110","0 - VIN decoded clean. Check Digit (9th position) is correct",2007,"NISSAN","VERSA","Hatchback/Liftback/Notchback","jporter312@outlook.com","Jennifer","Riley","Jennifer Riley","04/20/2019 06:19am","04/20/2019 06:18am","4153732386","415","373","2386",,,,,"CA","Suite E, 2777 Alvarado Street","San Leandro","94577","United States of America",,,,
"5cd64e6c71063d888bc9bdcc","928228917","",1,1557548652435,"5cd64e6b71063d888bc9bd48","3N1BC13E77L386347","0 - VIN decoded clean. Check Digit (9th position) is correct",2007,"NISSAN","VERSA","Hatchback/Liftback/Notchback","brenda.delaune@comcast.net","Brenda","Delaune","Brenda Delaune","04/21/2019 08:34am","04/21/2019 08:33am","6786031481","678","603","1481","7704684611","770","468","4611","CA","Suite E, 2777 Alvarado Street","San Leandro","94577","United States of America",,,,